sentence,label,feature_activation
I traveled to Paris last summer.,positive,58.30590057373047
Paris is the capital of France.,positive,56.88463592529297
She moved to Paris for work.,positive,57.37646484375
The conference will be held in Paris.,positive,58.13822555541992
We visited Paris during our vacation.,positive,64.16248321533203
I traveled to London last summer.,negative,6.6659088134765625
Berlin is the capital of Germany.,negative,9.06942081451416
She moved to Chicago for work.,negative,3.095960855484009
The conference will be held in Tokyo.,negative,8.453414916992188
We visited Rome during our vacation.,negative,7.244236946105957
