steering_strength,output,mentions_concept,concept_count
0,"The best place to spend my vacation is in the mountains.

I've been to the mountains a few times and I've never been so excited to see the mountains.

I",False,0
10,"The best place to spend my vacation is in the mountains.

I've been to the mountains a few times and I've never been to a mountain that was as beautiful as this one",False,0
20,"The best place to spend my vacation is at the beach. The beach is a great place to spend a day, but it's also a great place to spend a night. The beach is",False,0
30,"The best place to spend my vacation is at a hotel. I love the hotel, but I also love the food. I love the food, but I also love the food.

",False,0
50,"The best place to spend my vacation is at a hotel.

I love the city, but I also love the people.

I love the people.

I love the",False,0
75,"The best place to spend my vacation is at a hotel.

The best place to spend my vacation is at a hotel.

The best place to spend my vacation is at a",False,0
100,The best place to spend my vacation is Hilton Hilton Hilton Hilton Hilton Hilton Hilton Hilton Hilton Hilton Hilton Hilton Hilton Hilton Hilton Hilton Hilton Hilton Hilton Hilton Hilton Hilton Hilton Hilton Hilton Hilton Hilton Hilton Hilton Hilton,False,0
