layer,hook_name,zero_ablation_loss,clean_loss
0,blocks.0.hook_resid_pre,19.044614549667116,3.331791979925973
1,blocks.1.hook_resid_pre,8.002843130202521,3.331791979925973
2,blocks.2.hook_resid_pre,8.363872815692236,3.331791979925973
3,blocks.3.hook_resid_pre,13.841790638272725,3.331791979925973
4,blocks.4.hook_resid_pre,17.99901480901809,3.331791979925973
5,blocks.5.hook_resid_pre,16.361615211244615,3.331791979925973
6,blocks.6.hook_resid_pre,14.088966006324405,3.331791979925973
7,blocks.7.hook_resid_pre,13.89599851578001,3.331791979925973
8,blocks.8.hook_resid_pre,11.556918764871265,3.331791979925973
9,blocks.9.hook_resid_pre,17.525894709995814,3.331791979925973
10,blocks.10.hook_resid_pre,11.930074918837775,3.331791979925973
11,blocks.11.hook_resid_pre,10.282683311946808,3.331791979925973
