sae_type,layer,d_sae,dead_latents,dense_latents,dense_threshold,mean_frequency
relu,0,24576,5180,25,0.1,0.0005118347471579909
relu,1,24576,4235,13,0.1,0.0006095182034187019
relu,2,24576,5061,6,0.1,0.0007726897019892931
relu,3,24576,3377,5,0.1,0.0010647367453202605
relu,4,24576,591,6,0.1,0.0013661994598805904
relu,5,24576,79,3,0.1,0.001810378977097571
relu,6,24576,14,2,0.1,0.0020850172732025385
relu,7,24576,8,2,0.1,0.002395235700532794
relu,8,24576,8,2,0.1,0.00272255833260715
relu,9,24576,5,2,0.1,0.0029634039383381605
relu,10,24576,7,1,0.1,0.002272442914545536
relu,11,24576,40,1,0.1,0.0024720660876482725
