sae_type,layer,hook_name,width,fvu,l0,cosine,ce_clean,ce_spliced,ce_zero_ablation,loss_recovered_pct
relu,0,blocks.0.hook_resid_pre,24576,0.0227968730980866,12.578850393700789,0.9952718650036908,3.331791979925973,3.3498386125715958,19.04461454966712,99.88514709839356
relu,1,blocks.1.hook_resid_pre,24576,0.050938397036411,14.97951968503937,0.9913544056809793,3.331791979925973,3.3487884884788874,8.002843130202521,99.63613096910943
relu,2,blocks.2.hook_resid_pre,24576,0.05778033055842646,18.989622047244094,0.989528898945005,3.331791979925973,3.394090039389474,8.363872815692236,98.7619821402568
relu,3,blocks.3.hook_resid_pre,24576,0.0806834187870975,26.166968503937007,0.9836498768723856,3.331791979925973,3.485853077873351,13.841790638272723,98.5341473109987
relu,4,blocks.4.hook_resid_pre,24576,0.09999017758214744,33.575716535433074,0.9772187596118356,3.331791979925973,3.460175635322692,17.99901480901809,99.12469008691903
relu,5,blocks.5.hook_resid_pre,24576,0.11360245082267031,44.49187401574803,0.9719051561731054,3.331791979925973,3.4782386280241466,16.361615211244615,98.87606573398347
relu,6,blocks.6.hook_resid_pre,24576,0.1265826322521774,51.241385826771655,0.9662658302126907,3.331791979925973,3.4800141841646224,14.088966006324403,98.62210833556371
relu,7,blocks.7.hook_resid_pre,24576,0.13693396448014566,58.865314960629924,0.9616738487904466,3.331791979925973,3.490488396750556,13.89599851578001,98.49779142157075
relu,8,blocks.8.hook_resid_pre,24576,0.1453878988140792,66.90959842519685,0.9584680949534018,3.331791979925973,3.494087609033736,11.556918764871265,98.02683127748476
relu,9,blocks.9.hook_resid_pre,24576,0.15623800774815974,72.82861417322835,0.9551425079585999,3.331791979925973,3.5029977541121227,17.525894709995814,98.79382460841674
relu,10,blocks.10.hook_resid_pre,24576,0.18849810671231015,55.84755118110236,0.9486791146345964,3.331791979925973,3.556072552998861,11.930074918837777,97.39156556412095
relu,11,blocks.11.hook_resid_pre,24576,0.1900265530953685,60.75349606299213,0.9612317259781004,3.331791979925973,3.5885235922677174,10.282683311946808,96.30649365558266
