sae_type,layer,hook_name,fvu,l0,cosine,ce_clean,ce_spliced,ce_zero_ablation,loss_recovered_pct
relu,0,blocks.0.hook_resid_pre,0.0293686343885183,14.276850393700787,0.9937775403120386,4.102745941707066,4.123260259628296,19.65005111694336,99.86805225928218
relu,1,blocks.1.hook_resid_pre,0.06466401016873038,16.426220472440946,0.9887181968388595,4.102745941707066,4.134706497192383,8.266185215541295,99.23235206800834
relu,2,blocks.2.hook_resid_pre,0.07616856234095136,21.298818897637794,0.9861442169429749,4.102745941707066,4.244015489305768,8.404837744576591,96.71625911133569
relu,3,blocks.3.hook_resid_pre,0.1031319695901763,29.46779527559055,0.9790364567313607,4.102745941707066,4.402587345668247,14.332567623683385,97.06894789290936
relu,4,blocks.4.hook_resid_pre,0.1250549550239312,38.295826771653545,0.9714524180494895,4.102745941707066,4.309908662523542,18.588412148611887,98.56987785126702
relu,5,blocks.5.hook_resid_pre,0.1387266482709078,50.048818897637794,0.9661878114234744,4.102745941707066,4.345745154789516,16.809443065098353,98.08762882499875
relu,6,blocks.6.hook_resid_pre,0.15489951312528974,57.816062992125985,0.9598573867918,4.102745941707066,4.354903834206717,14.312961987086705,97.53033734664453
relu,7,blocks.7.hook_resid_pre,0.16680720932550308,64.9207874015748,0.9550674726831632,4.102745941707066,4.374755927494594,14.293702534266881,97.33086895899336
relu,8,blocks.8.hook_resid_pre,0.17902188166094898,72.96181102362205,0.951036713367372,4.102745941707066,4.388081754956927,11.70595291682652,96.24716498993665
relu,9,blocks.9.hook_resid_pre,0.19156296617934362,78.61401574803149,0.9478361475186086,4.102745941707066,4.380403109959194,17.906107221330917,97.98848148195617
relu,10,blocks.10.hook_resid_pre,0.23040250217482358,60.16354330708661,0.940894751361036,4.102745941707066,4.466861179896763,12.415552139282227,95.61982765463836
relu,11,blocks.11.hook_resid_pre,0.23775775631517973,64.49299212598426,0.9550360299658588,4.102745941707066,4.48090260369437,10.88227925981794,94.422084172415
