sae_type,layer,direction,alpha,n_snippets,kl_divergence,ce_loss_change
relu,0,random_feature_20904,0.5,64,0.2636803016066551,0.217945396900177
relu,0,random_feature_20904,1.0,64,3.8961815237998962,3.816414713859558
relu,0,random_feature_20904,2.0,64,5.162778735160828,5.062053799629211
relu,0,random_feature_20904,4.0,64,5.368190407752991,5.258491158485413
relu,1,random_feature_15653,0.5,64,1.6705673038959503,1.61000657081604
relu,1,random_feature_15653,1.0,64,10.270557880401611,10.22073495388031
relu,1,random_feature_15653,2.0,64,9.60373330116272,9.552035689353943
relu,1,random_feature_15653,4.0,64,9.3774893283844,9.303274512290955
relu,2,random_feature_12561,0.5,64,1.2858705818653107,1.2384998798370361
relu,2,random_feature_12561,1.0,64,4.520464301109314,4.461663365364075
relu,2,random_feature_12561,2.0,64,5.663592576980591,5.634246230125427
relu,2,random_feature_12561,4.0,64,6.425499796867371,6.435822606086731
relu,3,random_feature_6630,0.5,64,4.368060111999512,4.353480935096741
relu,3,random_feature_6630,1.0,64,5.434943675994873,5.399693846702576
relu,3,random_feature_6630,2.0,64,6.5362266302108765,6.468150496482849
relu,3,random_feature_6630,4.0,64,8.836135625839233,8.776667952537537
relu,4,random_feature_7565,0.5,64,1.0518353432416916,0.9972362518310547
relu,4,random_feature_7565,1.0,64,3.799549639225006,3.7213590145111084
relu,4,random_feature_7565,2.0,64,5.411092519760132,5.299779772758484
relu,4,random_feature_7565,4.0,64,7.004258036613464,6.875668406486511
relu,5,random_feature_1006,0.5,64,1.0773012340068817,1.09055495262146
relu,5,random_feature_1006,1.0,64,3.406391143798828,3.367159843444824
relu,5,random_feature_1006,2.0,64,4.886508822441101,4.79479706287384
relu,5,random_feature_1006,4.0,64,5.993888735771179,5.879587531089783
relu,6,random_feature_1849,0.5,64,1.3696473836898804,1.3584641218185425
relu,6,random_feature_1849,1.0,64,5.287573218345642,5.232491135597229
relu,6,random_feature_1849,2.0,64,9.583699703216553,9.468380808830261
relu,6,random_feature_1849,4.0,64,9.991726875305176,9.83445131778717
relu,7,random_feature_406,0.5,64,1.3168619573116302,1.2710089683532715
relu,7,random_feature_406,1.0,64,4.6315598487854,4.581850647926331
relu,7,random_feature_406,2.0,64,8.555136680603027,8.499484181404114
relu,7,random_feature_406,4.0,64,14.665239095687866,14.621196627616882
relu,8,random_feature_4307,0.5,64,1.9846518635749817,1.990713119506836
relu,8,random_feature_4307,1.0,64,8.780243396759033,8.719417214393616
relu,8,random_feature_4307,2.0,64,12.938029527664185,12.806845545768738
relu,8,random_feature_4307,4.0,64,15.62255573272705,15.480122923851013
relu,9,random_feature_19986,0.5,64,0.8339812904596329,0.8250726461410522
relu,9,random_feature_19986,1.0,64,3.7902625799179077,3.7268794775009155
relu,9,random_feature_19986,2.0,64,11.158694744110107,11.039323210716248
relu,9,random_feature_19986,4.0,64,16.48787832260132,16.35433852672577
relu,10,random_feature_15960,0.5,64,1.3084579706192017,1.2641090154647827
relu,10,random_feature_15960,1.0,64,4.880895376205444,4.802809000015259
relu,10,random_feature_15960,2.0,64,9.589575290679932,9.500672698020935
relu,10,random_feature_15960,4.0,64,16.199624061584473,16.117093920707703
relu,11,random_feature_22431,0.5,64,4.7213228940963745,4.610785245895386
relu,11,random_feature_22431,1.0,64,12.074342012405396,11.906042218208313
relu,11,random_feature_22431,2.0,64,20.284615516662598,20.061776995658875
relu,11,random_feature_22431,4.0,64,30.295069694519043,30.040451884269714
