word,count_true,count_false,log_odds,z,leans
planet,28,7,1.306,3.18,true
human,37,18,0.677,2.38,true
helps,6,0,2.536,1.73,true
system,28,16,0.517,1.67,true
blood,5,0,2.369,1.6,true
named,5,0,2.369,1.6,true
fahrenheit,5,0,2.369,1.6,true
as,9,3,0.969,1.55,true
through,14,7,0.63,1.4,true
new,5,1,1.27,1.38,true
degrees,8,3,0.858,1.35,true
to,35,24,0.342,1.3,true
known,6,2,0.926,1.24,true
approximately,6,2,0.926,1.24,true
or,13,7,0.559,1.23,true
world,21,53,-0.941,-3.68,false
in,79,122,-0.461,-3.2,false
located,3,20,-1.797,-3.11,false
smallest,4,18,-1.443,-2.74,false
not,0,14,-3.396,-2.36,false
animal,2,11,-1.555,-2.23,false
no,2,10,-1.464,-2.08,false
can,7,17,-0.876,-2.01,false
only,2,9,-1.364,-1.92,false
anti,0,7,-2.737,-1.87,false
fastest,3,10,-1.128,-1.83,false
there,1,7,-1.639,-1.83,false
non,0,6,-2.594,-1.77,false
is,128,150,-0.187,-1.56,false
are,41,55,-0.32,-1.56,false
