word,count_true,count_false,log_odds,z
planet,28,7,1.306,3.18
human,37,18,0.677,2.38
helps,6,0,2.536,1.73
system,28,16,0.517,1.67
blood,5,0,2.369,1.6
named,5,0,2.369,1.6
fahrenheit,5,0,2.369,1.6
as,9,3,0.969,1.55
through,14,7,0.63,1.4
new,5,1,1.27,1.38
degrees,8,3,0.858,1.35
to,35,24,0.342,1.3
known,6,2,0.926,1.24
approximately,6,2,0.926,1.24
or,13,7,0.559,1.23
from,19,12,0.416,1.15
food,4,1,1.07,1.13
down,4,1,1.07,1.13
pacific,4,1,1.07,1.13
longest,4,1,1.07,1.13
first,8,4,0.607,1.04
natural,5,2,0.759,1.0
travels,5,2,0.759,1.0
body,18,12,0.363,0.99
and,53,42,0.201,0.98
has,21,15,0.298,0.89
mars,6,3,0.59,0.89
blue,6,3,0.59,0.89
for,13,9,0.322,0.76
brain,4,2,0.559,0.71
neptune,4,2,0.559,0.71
uranus,4,2,0.559,0.71
functions,4,2,0.559,0.71
called,15,11,0.269,0.69
our,9,6,0.35,0.69
of,94,83,0.095,0.63
venus,5,3,0.423,0.62
caused,5,3,0.423,0.62
that,19,15,0.2,0.59
sound,6,4,0.339,0.55
sun,13,10,0.222,0.54
carbon,7,5,0.281,0.5
life,7,5,0.281,0.5
was,8,6,0.239,0.46
a,52,46,0.092,0.46
its,9,7,0.207,0.42
basic,3,2,0.307,0.37
wave,3,2,0.307,0.37
fossils,3,2,0.307,0.37
whale,3,2,0.307,0.37
release,3,2,0.307,0.37
causes,3,2,0.307,0.37
created,3,2,0.307,0.37
change,3,2,0.307,0.37
temperature,3,2,0.307,0.37
moons,3,2,0.307,0.37
mostly,3,2,0.307,0.37
celsius,3,2,0.307,0.37
earth,22,19,0.114,0.37
about,3,2,0.307,0.37
than,3,2,0.307,0.37
need,3,2,0.307,0.37
matter,3,2,0.307,0.37
solar,11,9,0.162,0.37
orbits,3,2,0.307,0.37
respiration,3,2,0.307,0.37
sahara,3,2,0.307,0.37
gases,3,2,0.307,0.37
substance,3,2,0.307,0.37
effect,3,2,0.307,0.37
gravitational,3,2,0.307,0.37
due,3,2,0.307,0.37
light,12,10,0.145,0.35
heart,4,3,0.222,0.31
most,4,3,0.222,0.31
around,4,3,0.222,0.31
polar,4,3,0.222,0.31
saturn,4,3,0.222,0.31
at,4,3,0.222,0.31
four,4,3,0.222,0.31
sky,4,3,0.222,0.31
main,5,4,0.172,0.27
desert,5,4,0.172,0.27
ice,5,4,0.172,0.27
movement,5,4,0.172,0.27
organisms,5,4,0.172,0.27
into,5,4,0.172,0.27
mercury,5,4,0.172,0.27
two,6,5,0.138,0.24
cells,7,6,0.114,0.21
three,7,6,0.114,0.21
form,7,6,0.114,0.21
chemical,7,6,0.114,0.21
by,23,21,0.06,0.2
types,8,7,0.096,0.19
oxygen,10,9,0.071,0.16
energy,10,9,0.071,0.16
process,14,13,0.042,0.11
earth's,19,18,0.024,0.07
radiation,3,3,-0.029,-0.04
river,4,4,-0.029,-0.04
interactions,4,4,-0.029,-0.04
substances,3,3,-0.029,-0.04
species,3,3,-0.029,-0.04
photosynthesis,3,3,-0.029,-0.04
speed,4,4,-0.029,-0.04
nucleus,3,3,-0.029,-0.04
united,3,3,-0.029,-0.04
field,4,4,-0.029,-0.04
cycle,4,4,-0.029,-0.04
magnetic,4,4,-0.029,-0.04
statue,3,3,-0.029,-0.04
gas,4,4,-0.029,-0.04
dioxide,3,3,-0.029,-0.04
being,3,3,-0.029,-0.04
waves,4,4,-0.029,-0.04
neurons,4,4,-0.029,-0.04
objects,4,4,-0.029,-0.04
liquid,3,3,-0.029,-0.04
gravity,4,4,-0.029,-0.04
properties,3,3,-0.029,-0.04
study,6,6,-0.029,-0.05
when,5,5,-0.029,-0.05
air,6,6,-0.029,-0.05
jupiter,5,5,-0.029,-0.05
humans,5,5,-0.029,-0.05
environment,5,5,-0.029,-0.05
atmosphere,8,8,-0.029,-0.06
states,7,7,-0.029,-0.06
with,8,8,-0.029,-0.06
which,9,9,-0.029,-0.06
have,8,8,-0.029,-0.06
an,10,10,-0.029,-0.07
water,17,18,-0.085,-0.25
on,12,13,-0.106,-0.27
their,7,8,-0.154,-0.31
one,4,5,-0.23,-0.36
mammal,4,5,-0.23,-0.36
highest,4,5,-0.23,-0.36
great,4,5,-0.23,-0.36
continent,3,4,-0.28,-0.39
be,3,4,-0.28,-0.39
survive,2,3,-0.366,-0.44
volcano,2,3,-0.366,-0.44
materials,2,3,-0.366,-0.44
day,2,3,-0.366,-0.44
type,2,3,-0.366,-0.44
surface,2,3,-0.366,-0.44
absorb,2,3,-0.366,-0.44
north,2,3,-0.366,-0.44
mount,2,3,-0.366,-0.44
amazon,2,3,-0.366,-0.44
hot,2,3,-0.366,-0.44
birds,2,3,-0.366,-0.44
harmful,2,3,-0.366,-0.44
solid,2,3,-0.366,-0.44
wall,2,3,-0.366,-0.44
like,2,3,-0.366,-0.44
ultraviolet,2,3,-0.366,-0.44
antarctica,2,3,-0.366,-0.44
space,2,3,-0.366,-0.44
eye,2,3,-0.366,-0.44
liberty,2,3,-0.366,-0.44
largest,23,26,-0.149,-0.53
made,7,9,-0.265,-0.54
plants,6,8,-0.297,-0.57
ocean,6,8,-0.297,-0.57
force,5,7,-0.339,-0.6
land,4,6,-0.397,-0.65
between,4,6,-0.397,-0.65
living,4,6,-0.397,-0.65
point,3,5,-0.481,-0.7
mountain,3,5,-0.481,-0.7
tallest,3,5,-0.481,-0.7
fish,2,4,-0.617,-0.78
moon,6,9,-0.409,-0.8
the,332,348,-0.076,-0.99
without,2,5,-0.818,-1.07
animals,4,8,-0.665,-1.14
stars,1,4,-1.128,-1.2
bird,1,4,-1.128,-1.2
fly,1,4,-1.128,-1.2
remains,1,4,-1.128,-1.2
shortest,1,5,-1.328,-1.44
america,1,5,-1.328,-1.44
are,41,55,-0.32,-1.56
is,128,150,-0.187,-1.56
non,0,6,-2.594,-1.77
there,1,7,-1.639,-1.83
fastest,3,10,-1.128,-1.83
anti,0,7,-2.737,-1.87
only,2,9,-1.364,-1.92
can,7,17,-0.876,-2.01
no,2,10,-1.464,-2.08
animal,2,11,-1.555,-2.23
not,0,14,-3.396,-2.36
smallest,4,18,-1.443,-2.74
located,3,20,-1.797,-3.11
in,79,122,-0.461,-3.2
world,21,53,-0.941,-3.68
