row,statement,label,hedge,opinion,vague_quantity
12,Light can exhibit both wave-like and particle-like properties.,1,can,,
19,Pizza is a type of food that many people enjoy.,1,,,many
21,Sharks are sea creatures that have a reputation for being dangerous.,1,,dangerous,
32,"The first law of thermodynamics states that energy can be created and destroyed, only converted from one form to another.",0,can,,
45,"Jupiter has the Great Red Spot, a giant storm.",1,,great,
47,The human eye can detect millions of different colors.,1,can,,
51,"The planet Uranus is often referred to as the ""ice giant.""",1,often,,often
59,The conservation of energy principle states that energy can be created and destroyed.,0,can,,
71,The Great Wall of China is the longest wall in the world.,1,,great,
85,"The planet Venus is often referred to as the ""morning star"" or the ""evening star.""",1,often,,often
87,Penguins can fly.,0,can,,
92,"The pH scale measures the sweetness or bitterness of a substance, ranging from 0 (most sweet) to 14 (most bitter), with 7 being neutral.",0,,,most
96,The most abundant gas in Earth's atmosphere is nitrogen.,1,,,most
101,The Great Barrier Reef is located in the Atlantic Ocean.,0,,great,
143,Broccoli is a popular dessert.,0,,popular,
152,Penguins are warm-blooded and can survive in hot climates.,0,can,,
166,The human eye can see radio waves.,0,can,,
167,The Great Barrier Reef is the largest coral reef system in the world.,1,,great,
174,A human pregnancy typically lasts around 9 months.,1,typically,,
186,Migration allows animals to find better resources.,1,,better,
187,The planet Jupiter has the most moons in our solar system.,1,,,most
197,The human eye can distinguish about 10 million different colors.,1,can,,
227,The human eye can detect only one color.,0,can,,
236,The sky is often cloudy when it's going to rain.,1,often,,often
238,The sky is often clear when it's going to rain.,0,often,,often
263,Fish can live on land.,0,can,,
273,The Great Wall of China is located in South America.,0,,great,
288,Ice cream is a popular dessert.,1,,popular,
322,Birds can fly.,1,can,,
347,Tornadoes are slowly rotating columns of water that can cause minimal damage.,0,can,,
351,Tornadoes are rapidly rotating columns of air that can cause extensive damage.,1,can,,
363,Humans have wings and can fly.,0,can,,
377,Light can exhibit neither wave-like nor particle-like properties.,0,can,,
380,The Great Wall of China was built in the 21st century.,0,,great,
386,Migration prevents animals from finding better resources.,0,,better,
406,Elephants can fly.,0,can,,
448,The Great Wall of China can be seen from space.,0,can,great,
462,The most abundant element in the Earth's atmosphere is gold.,0,,,most
475,Cats can bark like dogs.,0,can,,
485,Cars can travel faster than the speed of light.,0,can,,
488,"Jupiter has the Great Blue Calm, a giant peaceful area.",0,,great,
490,A substance that can be broken down into simpler substances by chemical means is called a compound.,0,can,,
504,The human eye can see infrared light.,0,can,,
525,"The pH scale measures the acidity or alkalinity of a substance, ranging from 0 (most acidic) to 14 (most alkaline), with 7 being neutral.",1,,,most
551,The Great Sphinx of Giza is an ancient statue in Egypt.,1,,great,
567,The human liver can regenerate itself up to 75%.,1,can,,
573,Volcanic eruptions can create new land.,1,can,,
577,All birds can fly backwards.,0,can,,
