prompt_set,position,position_index,method,auroc,auroc_low,auroc_high
original,L0,0,repe_pca,0.7251,0.7035,0.7586
original,L0,0,mean_diff,0.7251,0.7035,0.7586
original,L0,0,logistic,0.6611,0.6,0.7173
original,L1,1,repe_pca,0.7535,0.7228,0.7901
original,L1,1,mean_diff,0.7528,0.7226,0.7895
original,L1,1,logistic,0.9712,0.9375,0.995
original,L2,2,repe_pca,0.7657,0.7396,0.8031
original,L2,2,mean_diff,0.7659,0.7398,0.8032
original,L2,2,logistic,0.9764,0.9446,0.9998
original,L3,3,repe_pca,0.9293,0.8943,0.964
original,L3,3,mean_diff,0.9272,0.8916,0.9629
original,L3,3,logistic,0.9978,0.9926,1.0
original,L4,4,repe_pca,0.9312,0.8947,0.9649
original,L4,4,mean_diff,0.9283,0.891,0.963
original,L4,4,logistic,0.996,0.9872,1.0
original,L5,5,repe_pca,0.9284,0.8937,0.9616
original,L5,5,mean_diff,0.9275,0.8921,0.9611
original,L5,5,logistic,0.9885,0.9665,1.0
original,L6,6,repe_pca,0.9584,0.932,0.9826
original,L6,6,mean_diff,0.9578,0.9303,0.9814
original,L6,6,logistic,0.9912,0.9733,1.0
original,L7,7,repe_pca,0.8547,0.8228,0.8932
original,L7,7,mean_diff,0.8605,0.8288,0.8989
original,L7,7,logistic,0.9996,0.9985,1.0
original,L8,8,repe_pca,0.8198,0.7831,0.8639
original,L8,8,mean_diff,0.8294,0.7939,0.8729
original,L8,8,logistic,0.9986,0.9957,1.0
original,L9,9,repe_pca,0.7881,0.756,0.8278
original,L9,9,mean_diff,0.7998,0.7674,0.8391
original,L9,9,logistic,0.9996,0.9985,1.0
original,L10,10,repe_pca,0.8452,0.8091,0.8874
original,L10,10,mean_diff,0.8473,0.8112,0.8884
original,L10,10,logistic,0.9988,0.9965,1.0
original,L11,11,repe_pca,0.9563,0.9257,0.9815
original,L11,11,mean_diff,0.9517,0.9195,0.9785
original,L11,11,logistic,0.9969,0.9913,1.0
original,final,12,repe_pca,0.9146,0.8762,0.9484
original,final,12,mean_diff,0.916,0.8781,0.9503
original,final,12,logistic,0.9994,0.9978,1.0
false_statements,L0,0,repe_pca,0.711,0.6794,0.7579
false_statements,L0,0,mean_diff,0.7099,0.6777,0.7579
false_statements,L0,0,logistic,0.7447,0.6869,0.8038
false_statements,L1,1,repe_pca,0.7431,0.7045,0.7914
false_statements,L1,1,mean_diff,0.7427,0.7039,0.7915
false_statements,L1,1,logistic,0.9862,0.9664,0.9997
false_statements,L2,2,repe_pca,0.7455,0.7042,0.7964
false_statements,L2,2,mean_diff,0.7455,0.7044,0.7964
false_statements,L2,2,logistic,0.9823,0.9582,0.9991
false_statements,L3,3,repe_pca,0.9078,0.8628,0.9487
false_statements,L3,3,mean_diff,0.9048,0.8589,0.9462
false_statements,L3,3,logistic,0.9996,0.9985,1.0
false_statements,L4,4,repe_pca,0.9039,0.8653,0.9421
false_statements,L4,4,mean_diff,0.9004,0.8622,0.9383
false_statements,L4,4,logistic,0.9991,0.9969,1.0
false_statements,L5,5,repe_pca,0.946,0.9145,0.9742
false_statements,L5,5,mean_diff,0.9427,0.9106,0.9726
false_statements,L5,5,logistic,0.9904,0.9728,1.0
false_statements,L6,6,repe_pca,0.9583,0.932,0.9819
false_statements,L6,6,mean_diff,0.9605,0.9347,0.9831
false_statements,L6,6,logistic,0.9907,0.9718,1.0
false_statements,L7,7,repe_pca,0.8139,0.7849,0.8487
false_statements,L7,7,mean_diff,0.8217,0.794,0.8565
false_statements,L7,7,logistic,0.9937,0.9844,0.9993
false_statements,L8,8,repe_pca,0.7676,0.7368,0.809
false_statements,L8,8,mean_diff,0.7818,0.7488,0.8229
false_statements,L8,8,logistic,0.9973,0.9929,0.9997
false_statements,L9,9,repe_pca,0.7556,0.7269,0.7976
false_statements,L9,9,mean_diff,0.7714,0.7413,0.8145
false_statements,L9,9,logistic,0.9981,0.9945,1.0
false_statements,L10,10,repe_pca,0.8197,0.7851,0.8625
false_statements,L10,10,mean_diff,0.8278,0.7914,0.8714
false_statements,L10,10,logistic,0.9992,0.9975,1.0
false_statements,L11,11,repe_pca,0.936,0.9061,0.9675
false_statements,L11,11,mean_diff,0.9351,0.9052,0.9657
false_statements,L11,11,logistic,0.9995,0.9979,1.0
false_statements,final,12,repe_pca,0.9226,0.8839,0.9553
false_statements,final,12,mean_diff,0.9168,0.8785,0.951
false_statements,final,12,logistic,1.0,1.0,1.0
matched_honest_dishonest,L0,0,repe_pca,0.5,0.5,0.5
matched_honest_dishonest,L0,0,mean_diff,0.5,0.5,0.5
matched_honest_dishonest,L0,0,logistic,0.5,0.5,0.5
matched_honest_dishonest,L1,1,repe_pca,0.8467,0.8102,0.8858
matched_honest_dishonest,L1,1,mean_diff,0.8521,0.8161,0.89
matched_honest_dishonest,L1,1,logistic,0.9611,0.9364,0.9816
matched_honest_dishonest,L2,2,repe_pca,0.8422,0.806,0.8789
matched_honest_dishonest,L2,2,mean_diff,0.8443,0.8073,0.8811
matched_honest_dishonest,L2,2,logistic,0.962,0.9338,0.9885
matched_honest_dishonest,L3,3,repe_pca,0.9759,0.9559,0.9921
matched_honest_dishonest,L3,3,mean_diff,0.9763,0.9557,0.992
matched_honest_dishonest,L3,3,logistic,0.992,0.9801,0.9995
matched_honest_dishonest,L4,4,repe_pca,0.9559,0.9272,0.9829
matched_honest_dishonest,L4,4,mean_diff,0.9559,0.9281,0.9823
matched_honest_dishonest,L4,4,logistic,0.9731,0.9475,0.9946
matched_honest_dishonest,L5,5,repe_pca,0.9253,0.8972,0.9564
matched_honest_dishonest,L5,5,mean_diff,0.9284,0.9009,0.9591
matched_honest_dishonest,L5,5,logistic,0.971,0.9382,0.9978
matched_honest_dishonest,L6,6,repe_pca,0.8878,0.855,0.9235
matched_honest_dishonest,L6,6,mean_diff,0.889,0.8563,0.9243
matched_honest_dishonest,L6,6,logistic,0.9812,0.9591,0.9974
matched_honest_dishonest,L7,7,repe_pca,0.8367,0.8007,0.8779
matched_honest_dishonest,L7,7,mean_diff,0.8414,0.8069,0.8818
matched_honest_dishonest,L7,7,logistic,0.979,0.9535,0.9997
matched_honest_dishonest,L8,8,repe_pca,0.8153,0.7741,0.8638
matched_honest_dishonest,L8,8,mean_diff,0.8235,0.7822,0.8709
matched_honest_dishonest,L8,8,logistic,0.9907,0.9807,0.9986
matched_honest_dishonest,L9,9,repe_pca,0.7883,0.7538,0.8331
matched_honest_dishonest,L9,9,mean_diff,0.7969,0.7624,0.8406
matched_honest_dishonest,L9,9,logistic,0.9864,0.9689,0.999
matched_honest_dishonest,L10,10,repe_pca,0.8279,0.7904,0.8717
matched_honest_dishonest,L10,10,mean_diff,0.8305,0.7928,0.8741
matched_honest_dishonest,L10,10,logistic,0.9838,0.9603,0.9981
matched_honest_dishonest,L11,11,repe_pca,0.9111,0.8765,0.944
matched_honest_dishonest,L11,11,mean_diff,0.9122,0.8783,0.9451
matched_honest_dishonest,L11,11,logistic,0.9963,0.9885,1.0
matched_honest_dishonest,final,12,repe_pca,0.9548,0.9234,0.9794
matched_honest_dishonest,final,12,mean_diff,0.9553,0.9247,0.9806
matched_honest_dishonest,final,12,logistic,0.992,0.9751,1.0
matched_honest_lying,L0,0,repe_pca,0.5,0.5,0.5
matched_honest_lying,L0,0,mean_diff,0.5,0.5,0.5
matched_honest_lying,L0,0,logistic,0.5,0.5,0.5
matched_honest_lying,L1,1,repe_pca,0.7419,0.7092,0.7835
matched_honest_lying,L1,1,mean_diff,0.744,0.7106,0.7856
matched_honest_lying,L1,1,logistic,0.9286,0.8922,0.9599
matched_honest_lying,L2,2,repe_pca,0.6944,0.6702,0.7297
matched_honest_lying,L2,2,mean_diff,0.6949,0.6706,0.7311
matched_honest_lying,L2,2,logistic,0.9768,0.9506,0.9956
matched_honest_lying,L3,3,repe_pca,0.7723,0.7439,0.8086
matched_honest_lying,L3,3,mean_diff,0.7733,0.745,0.8098
matched_honest_lying,L3,3,logistic,0.9806,0.9537,0.9989
matched_honest_lying,L4,4,repe_pca,0.7898,0.7577,0.8332
matched_honest_lying,L4,4,mean_diff,0.7889,0.7567,0.8319
matched_honest_lying,L4,4,logistic,0.9496,0.9177,0.9782
matched_honest_lying,L5,5,repe_pca,0.8165,0.7826,0.8557
matched_honest_lying,L5,5,mean_diff,0.819,0.7854,0.8583
matched_honest_lying,L5,5,logistic,0.9679,0.9415,0.9888
matched_honest_lying,L6,6,repe_pca,0.8159,0.7842,0.8536
matched_honest_lying,L6,6,mean_diff,0.8169,0.7847,0.854
matched_honest_lying,L6,6,logistic,0.9581,0.9281,0.9816
matched_honest_lying,L7,7,repe_pca,0.8886,0.8512,0.927
matched_honest_lying,L7,7,mean_diff,0.8948,0.8571,0.9337
matched_honest_lying,L7,7,logistic,0.9862,0.9686,0.9976
matched_honest_lying,L8,8,repe_pca,0.8581,0.8183,0.9055
matched_honest_lying,L8,8,mean_diff,0.8622,0.8223,0.9092
matched_honest_lying,L8,8,logistic,0.9877,0.974,0.9986
matched_honest_lying,L9,9,repe_pca,0.8325,0.7907,0.8785
matched_honest_lying,L9,9,mean_diff,0.8343,0.7921,0.8784
matched_honest_lying,L9,9,logistic,0.9751,0.9497,0.9948
matched_honest_lying,L10,10,repe_pca,0.9136,0.878,0.9448
matched_honest_lying,L10,10,mean_diff,0.9143,0.8786,0.9458
matched_honest_lying,L10,10,logistic,0.9794,0.9542,0.9977
matched_honest_lying,L11,11,repe_pca,0.9619,0.9386,0.9808
matched_honest_lying,L11,11,mean_diff,0.9614,0.9364,0.9806
matched_honest_lying,L11,11,logistic,0.9917,0.9759,1.0
matched_honest_lying,final,12,repe_pca,0.8586,0.824,0.8982
matched_honest_lying,final,12,mean_diff,0.8702,0.8341,0.9078
matched_honest_lying,final,12,logistic,0.9949,0.9864,1.0
matched_truthful_deceptive,L0,0,repe_pca,0.5,0.5,0.5
matched_truthful_deceptive,L0,0,mean_diff,0.5,0.5,0.5
matched_truthful_deceptive,L0,0,logistic,0.5,0.5,0.5
matched_truthful_deceptive,L1,1,repe_pca,0.8935,0.8596,0.9232
matched_truthful_deceptive,L1,1,mean_diff,0.8911,0.8566,0.9218
matched_truthful_deceptive,L1,1,logistic,0.9916,0.9831,0.9983
matched_truthful_deceptive,L2,2,repe_pca,0.7811,0.7496,0.8209
matched_truthful_deceptive,L2,2,mean_diff,0.7794,0.7476,0.8183
matched_truthful_deceptive,L2,2,logistic,0.9869,0.9728,0.9985
matched_truthful_deceptive,L3,3,repe_pca,0.7937,0.7639,0.8332
matched_truthful_deceptive,L3,3,mean_diff,0.7928,0.7618,0.8316
matched_truthful_deceptive,L3,3,logistic,0.9781,0.9595,0.9937
matched_truthful_deceptive,L4,4,repe_pca,0.7859,0.7531,0.8266
matched_truthful_deceptive,L4,4,mean_diff,0.7885,0.7566,0.8285
matched_truthful_deceptive,L4,4,logistic,0.958,0.928,0.9842
matched_truthful_deceptive,L5,5,repe_pca,0.8153,0.7826,0.8545
matched_truthful_deceptive,L5,5,mean_diff,0.818,0.7859,0.856
matched_truthful_deceptive,L5,5,logistic,0.9674,0.9467,0.9857
matched_truthful_deceptive,L6,6,repe_pca,0.8841,0.8505,0.9223
matched_truthful_deceptive,L6,6,mean_diff,0.886,0.8522,0.9237
matched_truthful_deceptive,L6,6,logistic,0.9864,0.9692,0.9983
matched_truthful_deceptive,L7,7,repe_pca,0.8385,0.8046,0.8769
matched_truthful_deceptive,L7,7,mean_diff,0.8428,0.8079,0.8822
matched_truthful_deceptive,L7,7,logistic,0.9799,0.9559,0.9988
matched_truthful_deceptive,L8,8,repe_pca,0.8859,0.8469,0.924
matched_truthful_deceptive,L8,8,mean_diff,0.8891,0.8519,0.9254
matched_truthful_deceptive,L8,8,logistic,0.9843,0.9668,0.998
matched_truthful_deceptive,L9,9,repe_pca,0.8586,0.8227,0.8976
matched_truthful_deceptive,L9,9,mean_diff,0.8626,0.8272,0.901
matched_truthful_deceptive,L9,9,logistic,0.9751,0.9518,0.9942
matched_truthful_deceptive,L10,10,repe_pca,0.9014,0.8655,0.9357
matched_truthful_deceptive,L10,10,mean_diff,0.9041,0.868,0.9382
matched_truthful_deceptive,L10,10,logistic,0.9704,0.9409,0.9941
matched_truthful_deceptive,L11,11,repe_pca,0.931,0.8979,0.9619
matched_truthful_deceptive,L11,11,mean_diff,0.9325,0.8994,0.9625
matched_truthful_deceptive,L11,11,logistic,0.9909,0.9717,1.0
matched_truthful_deceptive,final,12,repe_pca,0.8507,0.8139,0.8938
matched_truthful_deceptive,final,12,mean_diff,0.8557,0.8181,0.8978
matched_truthful_deceptive,final,12,logistic,0.9953,0.9891,1.0
matched_truthful_lying,L0,0,repe_pca,0.5,0.5,0.5
matched_truthful_lying,L0,0,mean_diff,0.5,0.5,0.5
matched_truthful_lying,L0,0,logistic,0.5,0.5,0.5
matched_truthful_lying,L1,1,repe_pca,0.8579,0.8198,0.8971
matched_truthful_lying,L1,1,mean_diff,0.8578,0.8209,0.8972
matched_truthful_lying,L1,1,logistic,0.9823,0.9535,0.9988
matched_truthful_lying,L2,2,repe_pca,0.8047,0.7694,0.8419
matched_truthful_lying,L2,2,mean_diff,0.8046,0.7699,0.8415
matched_truthful_lying,L2,2,logistic,0.9688,0.9353,0.9935
matched_truthful_lying,L3,3,repe_pca,0.8358,0.8032,0.8783
matched_truthful_lying,L3,3,mean_diff,0.8347,0.8024,0.8762
matched_truthful_lying,L3,3,logistic,0.9765,0.9593,0.9913
matched_truthful_lying,L4,4,repe_pca,0.8567,0.8266,0.8937
matched_truthful_lying,L4,4,mean_diff,0.8568,0.8256,0.894
matched_truthful_lying,L4,4,logistic,0.9465,0.9159,0.974
matched_truthful_lying,L5,5,repe_pca,0.7914,0.7599,0.834
matched_truthful_lying,L5,5,mean_diff,0.7983,0.7666,0.8402
matched_truthful_lying,L5,5,logistic,0.9407,0.9122,0.9692
matched_truthful_lying,L6,6,repe_pca,0.7505,0.7214,0.795
matched_truthful_lying,L6,6,mean_diff,0.7553,0.7254,0.8005
matched_truthful_lying,L6,6,logistic,0.956,0.9308,0.9796
matched_truthful_lying,L7,7,repe_pca,0.7796,0.7484,0.8253
matched_truthful_lying,L7,7,mean_diff,0.7884,0.7556,0.8326
matched_truthful_lying,L7,7,logistic,0.9852,0.9701,0.997
matched_truthful_lying,L8,8,repe_pca,0.7369,0.7116,0.7741
matched_truthful_lying,L8,8,mean_diff,0.7437,0.7168,0.7816
matched_truthful_lying,L8,8,logistic,0.9811,0.966,0.9932
matched_truthful_lying,L9,9,repe_pca,0.7505,0.7215,0.7905
matched_truthful_lying,L9,9,mean_diff,0.7558,0.7256,0.7964
matched_truthful_lying,L9,9,logistic,0.9556,0.9236,0.9823
matched_truthful_lying,L10,10,repe_pca,0.8678,0.8264,0.912
matched_truthful_lying,L10,10,mean_diff,0.8637,0.8222,0.9077
matched_truthful_lying,L10,10,logistic,0.966,0.932,0.9925
matched_truthful_lying,L11,11,repe_pca,0.9201,0.8832,0.9597
matched_truthful_lying,L11,11,mean_diff,0.9175,0.8789,0.9571
matched_truthful_lying,L11,11,logistic,0.9799,0.9563,0.9977
matched_truthful_lying,final,12,repe_pca,0.8996,0.8589,0.9345
matched_truthful_lying,final,12,mean_diff,0.9028,0.8628,0.9389
matched_truthful_lying,final,12,logistic,0.9878,0.9721,0.999
