prompt_set,read,position,position_index,method,train_pair_accuracy,pair_accuracy,pair_acc_low,pair_acc_high,auroc,auroc_low,auroc_high,cv5_pair_accuracy_mean,cv5_pair_accuracy_std
original,last,L0,0,repe_pca,1.0,1.0,1.0,1.0,0.7251,0.7018,0.7591,1.0,0.0
original,last,L0,0,mean_diff,1.0,1.0,1.0,1.0,0.7251,0.7018,0.7591,1.0,0.0
original,last,L0,0,logistic,0.8495,0.7556,0.6664,0.8444,0.6611,0.5996,0.7222,0.8552,0.0729
original,last,L1,1,repe_pca,1.0,1.0,1.0,1.0,0.7535,0.7225,0.7931,1.0,0.0
original,last,L1,1,mean_diff,1.0,1.0,1.0,1.0,0.7528,0.7223,0.7919,1.0,0.0
original,last,L1,1,logistic,1.0,1.0,1.0,1.0,0.9712,0.937,0.9952,1.0,0.0
original,last,L2,2,repe_pca,1.0,1.0,1.0,1.0,0.7657,0.7358,0.8037,1.0,0.0
original,last,L2,2,mean_diff,1.0,1.0,1.0,1.0,0.7659,0.7368,0.8044,1.0,0.0
original,last,L2,2,logistic,1.0,1.0,1.0,1.0,0.9764,0.9454,0.9998,1.0,0.0
original,last,L3,3,repe_pca,1.0,1.0,1.0,1.0,0.9293,0.8916,0.9663,1.0,0.0
original,last,L3,3,mean_diff,1.0,1.0,1.0,1.0,0.9272,0.8892,0.9648,1.0,0.0
original,last,L3,3,logistic,1.0,1.0,1.0,1.0,0.9978,0.993,1.0,1.0,0.0
original,last,L4,4,repe_pca,1.0,1.0,1.0,1.0,0.9312,0.8918,0.9646,1.0,0.0
original,last,L4,4,mean_diff,1.0,1.0,1.0,1.0,0.9283,0.8883,0.9628,1.0,0.0
original,last,L4,4,logistic,1.0,1.0,1.0,1.0,0.996,0.9879,1.0,1.0,0.0
original,last,L5,5,repe_pca,1.0,1.0,1.0,1.0,0.9284,0.8921,0.9614,1.0,0.0
original,last,L5,5,mean_diff,1.0,1.0,1.0,1.0,0.9275,0.8906,0.9607,1.0,0.0
original,last,L5,5,logistic,1.0,1.0,1.0,1.0,0.9885,0.9669,1.0,1.0,0.0
original,last,L6,6,repe_pca,1.0,1.0,1.0,1.0,0.9584,0.9321,0.9826,1.0,0.0
original,last,L6,6,mean_diff,1.0,1.0,1.0,1.0,0.9578,0.9304,0.9815,1.0,0.0
original,last,L6,6,logistic,1.0,1.0,1.0,1.0,0.9912,0.9737,1.0,1.0,0.0
original,last,L7,7,repe_pca,1.0,1.0,1.0,1.0,0.8547,0.8222,0.8946,1.0,0.0
original,last,L7,7,mean_diff,1.0,1.0,1.0,1.0,0.8605,0.8288,0.8994,1.0,0.0
original,last,L7,7,logistic,1.0,1.0,1.0,1.0,0.9996,0.9985,1.0,1.0,0.0
original,last,L8,8,repe_pca,1.0,1.0,1.0,1.0,0.8198,0.7848,0.8633,1.0,0.0
original,last,L8,8,mean_diff,1.0,1.0,1.0,1.0,0.8294,0.795,0.8725,1.0,0.0
original,last,L8,8,logistic,1.0,1.0,1.0,1.0,0.9986,0.9959,1.0,1.0,0.0
original,last,L9,9,repe_pca,1.0,1.0,1.0,1.0,0.7881,0.757,0.8291,1.0,0.0
original,last,L9,9,mean_diff,1.0,1.0,1.0,1.0,0.7998,0.7676,0.8404,1.0,0.0
original,last,L9,9,logistic,1.0,1.0,1.0,1.0,0.9996,0.9985,1.0,1.0,0.0
original,last,L10,10,repe_pca,1.0,1.0,1.0,1.0,0.8452,0.8105,0.8855,1.0,0.0
original,last,L10,10,mean_diff,1.0,1.0,1.0,1.0,0.8473,0.8126,0.8873,1.0,0.0
original,last,L10,10,logistic,1.0,1.0,1.0,1.0,0.9988,0.996,1.0,1.0,0.0
original,last,L11,11,repe_pca,1.0,1.0,1.0,1.0,0.9563,0.9275,0.9807,1.0,0.0
original,last,L11,11,mean_diff,1.0,1.0,1.0,1.0,0.9517,0.9216,0.978,1.0,0.0
original,last,L11,11,logistic,1.0,1.0,1.0,1.0,0.9969,0.9917,1.0,1.0,0.0
original,last,final,12,repe_pca,1.0,1.0,1.0,1.0,0.9146,0.8788,0.9484,1.0,0.0
original,last,final,12,mean_diff,1.0,1.0,1.0,1.0,0.916,0.88,0.9498,1.0,0.0
original,last,final,12,logistic,1.0,1.0,1.0,1.0,0.9994,0.9978,1.0,1.0,0.0
original,mean,L0,0,repe_pca,1.0,1.0,1.0,1.0,0.8988,0.8653,0.9322,1.0,0.0
original,mean,L0,0,mean_diff,1.0,1.0,1.0,1.0,0.8981,0.8647,0.932,1.0,0.0
original,mean,L0,0,logistic,1.0,1.0,1.0,1.0,0.9933,0.9807,1.0,1.0,0.0
original,mean,L1,1,repe_pca,1.0,1.0,1.0,1.0,0.8647,0.8301,0.9063,1.0,0.0
original,mean,L1,1,mean_diff,1.0,1.0,1.0,1.0,0.8651,0.8313,0.9063,1.0,0.0
original,mean,L1,1,logistic,1.0,1.0,1.0,1.0,0.9904,0.97,1.0,1.0,0.0
original,mean,L2,2,repe_pca,1.0,1.0,1.0,1.0,0.9304,0.899,0.9591,1.0,0.0
original,mean,L2,2,mean_diff,1.0,1.0,1.0,1.0,0.9309,0.8993,0.9596,1.0,0.0
original,mean,L2,2,logistic,1.0,1.0,1.0,1.0,0.9907,0.9707,1.0,1.0,0.0
original,mean,L3,3,repe_pca,1.0,1.0,1.0,1.0,0.9658,0.937,0.9879,1.0,0.0
original,mean,L3,3,mean_diff,1.0,1.0,1.0,1.0,0.9653,0.9363,0.9877,1.0,0.0
original,mean,L3,3,logistic,1.0,1.0,1.0,1.0,0.9995,0.9978,1.0,1.0,0.0
original,mean,L4,4,repe_pca,1.0,1.0,1.0,1.0,0.9686,0.9415,0.9896,1.0,0.0
original,mean,L4,4,mean_diff,1.0,1.0,1.0,1.0,0.9684,0.9409,0.9894,1.0,0.0
original,mean,L4,4,logistic,1.0,1.0,1.0,1.0,0.9995,0.9978,1.0,1.0,0.0
original,mean,L5,5,repe_pca,1.0,1.0,1.0,1.0,0.9817,0.9653,0.9941,1.0,0.0
original,mean,L5,5,mean_diff,1.0,1.0,1.0,1.0,0.9812,0.9638,0.9942,1.0,0.0
original,mean,L5,5,logistic,1.0,1.0,1.0,1.0,1.0,1.0,1.0,1.0,0.0
original,mean,L6,6,repe_pca,1.0,1.0,1.0,1.0,0.9856,0.973,0.9956,1.0,0.0
original,mean,L6,6,mean_diff,1.0,1.0,1.0,1.0,0.9859,0.9725,0.9958,1.0,0.0
original,mean,L6,6,logistic,1.0,1.0,1.0,1.0,1.0,1.0,1.0,1.0,0.0
original,mean,L7,7,repe_pca,1.0,1.0,1.0,1.0,0.9748,0.9572,0.9896,1.0,0.0
original,mean,L7,7,mean_diff,1.0,1.0,1.0,1.0,0.978,0.9612,0.9917,1.0,0.0
original,mean,L7,7,logistic,1.0,1.0,1.0,1.0,0.9999,0.9993,1.0,1.0,0.0
original,mean,L8,8,repe_pca,1.0,1.0,1.0,1.0,0.9606,0.938,0.9819,1.0,0.0
original,mean,L8,8,mean_diff,1.0,1.0,1.0,1.0,0.9637,0.9427,0.9831,1.0,0.0
original,mean,L8,8,logistic,1.0,1.0,1.0,1.0,1.0,1.0,1.0,1.0,0.0
original,mean,L9,9,repe_pca,1.0,1.0,1.0,1.0,0.904,0.8696,0.9393,1.0,0.0
original,mean,L9,9,mean_diff,1.0,1.0,1.0,1.0,0.9063,0.8733,0.9413,1.0,0.0
original,mean,L9,9,logistic,1.0,1.0,1.0,1.0,1.0,1.0,1.0,1.0,0.0
original,mean,L10,10,repe_pca,1.0,1.0,1.0,1.0,0.9258,0.8967,0.9556,1.0,0.0
original,mean,L10,10,mean_diff,1.0,1.0,1.0,1.0,0.9244,0.8946,0.9542,1.0,0.0
original,mean,L10,10,logistic,1.0,1.0,1.0,1.0,1.0,1.0,1.0,1.0,0.0
original,mean,L11,11,repe_pca,1.0,1.0,1.0,1.0,0.9543,0.9281,0.9783,1.0,0.0
original,mean,L11,11,mean_diff,1.0,1.0,1.0,1.0,0.9528,0.9256,0.9775,1.0,0.0
original,mean,L11,11,logistic,1.0,1.0,1.0,1.0,0.9996,0.9985,1.0,1.0,0.0
original,mean,final,12,repe_pca,1.0,1.0,1.0,1.0,0.9443,0.9178,0.969,1.0,0.0
original,mean,final,12,mean_diff,1.0,1.0,1.0,1.0,0.9505,0.9262,0.9732,1.0,0.0
original,mean,final,12,logistic,1.0,1.0,1.0,1.0,1.0,1.0,1.0,1.0,0.0
