source,target,position,position_index,method,auroc
original,original,L0,0,repe_pca,0.7251
original,original,L0,0,mean_diff,0.7251
original,original,L0,0,logistic,0.6611
original,false_statements,L0,0,repe_pca,0.7099
original,false_statements,L0,0,mean_diff,0.7099
original,false_statements,L0,0,logistic,0.7224
original,matched_honest_dishonest,L0,0,repe_pca,0.5
original,matched_honest_dishonest,L0,0,mean_diff,0.5
original,matched_honest_dishonest,L0,0,logistic,0.5
original,matched_honest_lying,L0,0,repe_pca,0.5
original,matched_honest_lying,L0,0,mean_diff,0.5
original,matched_honest_lying,L0,0,logistic,0.5
original,matched_truthful_deceptive,L0,0,repe_pca,0.5
original,matched_truthful_deceptive,L0,0,mean_diff,0.5
original,matched_truthful_deceptive,L0,0,logistic,0.5
original,matched_truthful_lying,L0,0,repe_pca,0.5
original,matched_truthful_lying,L0,0,mean_diff,0.5
original,matched_truthful_lying,L0,0,logistic,0.5
original,original,L1,1,repe_pca,0.7535
original,original,L1,1,mean_diff,0.7528
original,original,L1,1,logistic,0.9712
original,false_statements,L1,1,repe_pca,0.7416
original,false_statements,L1,1,mean_diff,0.7416
original,false_statements,L1,1,logistic,0.9971
original,matched_honest_dishonest,L1,1,repe_pca,0.498
original,matched_honest_dishonest,L1,1,mean_diff,0.4979
original,matched_honest_dishonest,L1,1,logistic,0.3511
original,matched_honest_lying,L1,1,repe_pca,0.5125
original,matched_honest_lying,L1,1,mean_diff,0.512
original,matched_honest_lying,L1,1,logistic,0.5343
original,matched_truthful_deceptive,L1,1,repe_pca,0.4996
original,matched_truthful_deceptive,L1,1,mean_diff,0.5
original,matched_truthful_deceptive,L1,1,logistic,0.4286
original,matched_truthful_lying,L1,1,repe_pca,0.5059
original,matched_truthful_lying,L1,1,mean_diff,0.5068
original,matched_truthful_lying,L1,1,logistic,0.4951
original,original,L2,2,repe_pca,0.7657
original,original,L2,2,mean_diff,0.7659
original,original,L2,2,logistic,0.9764
original,false_statements,L2,2,repe_pca,0.7432
original,false_statements,L2,2,mean_diff,0.7428
original,false_statements,L2,2,logistic,0.9999
original,matched_honest_dishonest,L2,2,repe_pca,0.5169
original,matched_honest_dishonest,L2,2,mean_diff,0.5172
original,matched_honest_dishonest,L2,2,logistic,0.5481
original,matched_honest_lying,L2,2,repe_pca,0.5338
original,matched_honest_lying,L2,2,mean_diff,0.5336
original,matched_honest_lying,L2,2,logistic,0.6251
original,matched_truthful_deceptive,L2,2,repe_pca,0.5101
original,matched_truthful_deceptive,L2,2,mean_diff,0.5109
original,matched_truthful_deceptive,L2,2,logistic,0.5612
original,matched_truthful_lying,L2,2,repe_pca,0.5158
original,matched_truthful_lying,L2,2,mean_diff,0.5159
original,matched_truthful_lying,L2,2,logistic,0.6348
original,original,L3,3,repe_pca,0.9293
original,original,L3,3,mean_diff,0.9272
original,original,L3,3,logistic,0.9978
original,false_statements,L3,3,repe_pca,0.9038
original,false_statements,L3,3,mean_diff,0.9018
original,false_statements,L3,3,logistic,1.0
original,matched_honest_dishonest,L3,3,repe_pca,0.7041
original,matched_honest_dishonest,L3,3,mean_diff,0.6995
original,matched_honest_dishonest,L3,3,logistic,0.8943
original,matched_honest_lying,L3,3,repe_pca,0.63
original,matched_honest_lying,L3,3,mean_diff,0.6265
original,matched_honest_lying,L3,3,logistic,0.8246
original,matched_truthful_deceptive,L3,3,repe_pca,0.5306
original,matched_truthful_deceptive,L3,3,mean_diff,0.53
original,matched_truthful_deceptive,L3,3,logistic,0.5009
original,matched_truthful_lying,L3,3,repe_pca,0.4816
original,matched_truthful_lying,L3,3,mean_diff,0.4819
original,matched_truthful_lying,L3,3,logistic,0.4486
original,original,L4,4,repe_pca,0.9312
original,original,L4,4,mean_diff,0.9283
original,original,L4,4,logistic,0.996
original,false_statements,L4,4,repe_pca,0.8913
original,false_statements,L4,4,mean_diff,0.8876
original,false_statements,L4,4,logistic,1.0
original,matched_honest_dishonest,L4,4,repe_pca,0.746
original,matched_honest_dishonest,L4,4,mean_diff,0.7384
original,matched_honest_dishonest,L4,4,logistic,0.8919
original,matched_honest_lying,L4,4,repe_pca,0.6627
original,matched_honest_lying,L4,4,mean_diff,0.6602
original,matched_honest_lying,L4,4,logistic,0.8299
original,matched_truthful_deceptive,L4,4,repe_pca,0.5337
original,matched_truthful_deceptive,L4,4,mean_diff,0.5333
original,matched_truthful_deceptive,L4,4,logistic,0.5036
original,matched_truthful_lying,L4,4,repe_pca,0.5143
original,matched_truthful_lying,L4,4,mean_diff,0.5143
original,matched_truthful_lying,L4,4,logistic,0.4888
original,original,L5,5,repe_pca,0.9284
original,original,L5,5,mean_diff,0.9275
original,original,L5,5,logistic,0.9885
original,false_statements,L5,5,repe_pca,0.928
original,false_statements,L5,5,mean_diff,0.9239
original,false_statements,L5,5,logistic,1.0
original,matched_honest_dishonest,L5,5,repe_pca,0.814
original,matched_honest_dishonest,L5,5,mean_diff,0.8091
original,matched_honest_dishonest,L5,5,logistic,0.9285
original,matched_honest_lying,L5,5,repe_pca,0.7085
original,matched_honest_lying,L5,5,mean_diff,0.7073
original,matched_honest_lying,L5,5,logistic,0.8449
original,matched_truthful_deceptive,L5,5,repe_pca,0.5846
original,matched_truthful_deceptive,L5,5,mean_diff,0.5874
original,matched_truthful_deceptive,L5,5,logistic,0.6242
original,matched_truthful_lying,L5,5,repe_pca,0.5727
original,matched_truthful_lying,L5,5,mean_diff,0.5716
original,matched_truthful_lying,L5,5,logistic,0.6295
original,original,L6,6,repe_pca,0.9584
original,original,L6,6,mean_diff,0.9578
original,original,L6,6,logistic,0.9912
original,false_statements,L6,6,repe_pca,0.9538
original,false_statements,L6,6,mean_diff,0.954
original,false_statements,L6,6,logistic,0.9996
original,matched_honest_dishonest,L6,6,repe_pca,0.8922
original,matched_honest_dishonest,L6,6,mean_diff,0.8883
original,matched_honest_dishonest,L6,6,logistic,0.9622
original,matched_honest_lying,L6,6,repe_pca,0.7769
original,matched_honest_lying,L6,6,mean_diff,0.7779
original,matched_honest_lying,L6,6,logistic,0.9031
original,matched_truthful_deceptive,L6,6,repe_pca,0.6515
original,matched_truthful_deceptive,L6,6,mean_diff,0.6483
original,matched_truthful_deceptive,L6,6,logistic,0.7093
original,matched_truthful_lying,L6,6,repe_pca,0.6353
original,matched_truthful_lying,L6,6,mean_diff,0.6302
original,matched_truthful_lying,L6,6,logistic,0.7135
original,original,L7,7,repe_pca,0.8547
original,original,L7,7,mean_diff,0.8605
original,original,L7,7,logistic,0.9996
original,false_statements,L7,7,repe_pca,0.8205
original,false_statements,L7,7,mean_diff,0.8274
original,false_statements,L7,7,logistic,0.9996
original,matched_honest_dishonest,L7,7,repe_pca,0.7842
original,matched_honest_dishonest,L7,7,mean_diff,0.7881
original,matched_honest_dishonest,L7,7,logistic,0.9849
original,matched_honest_lying,L7,7,repe_pca,0.6777
original,matched_honest_lying,L7,7,mean_diff,0.6793
original,matched_honest_lying,L7,7,logistic,0.9362
original,matched_truthful_deceptive,L7,7,repe_pca,0.6001
original,matched_truthful_deceptive,L7,7,mean_diff,0.6038
original,matched_truthful_deceptive,L7,7,logistic,0.738
original,matched_truthful_lying,L7,7,repe_pca,0.6096
original,matched_truthful_lying,L7,7,mean_diff,0.611
original,matched_truthful_lying,L7,7,logistic,0.7853
original,original,L8,8,repe_pca,0.8198
original,original,L8,8,mean_diff,0.8294
original,original,L8,8,logistic,0.9986
original,false_statements,L8,8,repe_pca,0.7923
original,false_statements,L8,8,mean_diff,0.8058
original,false_statements,L8,8,logistic,0.9997
original,matched_honest_dishonest,L8,8,repe_pca,0.7489
original,matched_honest_dishonest,L8,8,mean_diff,0.7567
original,matched_honest_dishonest,L8,8,logistic,0.9753
original,matched_honest_lying,L8,8,repe_pca,0.6684
original,matched_honest_lying,L8,8,mean_diff,0.6732
original,matched_honest_lying,L8,8,logistic,0.9442
original,matched_truthful_deceptive,L8,8,repe_pca,0.5827
original,matched_truthful_deceptive,L8,8,mean_diff,0.5858
original,matched_truthful_deceptive,L8,8,logistic,0.8214
original,matched_truthful_lying,L8,8,repe_pca,0.6132
original,matched_truthful_lying,L8,8,mean_diff,0.6151
original,matched_truthful_lying,L8,8,logistic,0.84
original,original,L9,9,repe_pca,0.7881
original,original,L9,9,mean_diff,0.7998
original,original,L9,9,logistic,0.9996
original,false_statements,L9,9,repe_pca,0.7897
original,false_statements,L9,9,mean_diff,0.8055
original,false_statements,L9,9,logistic,0.9992
original,matched_honest_dishonest,L9,9,repe_pca,0.7351
original,matched_honest_dishonest,L9,9,mean_diff,0.7398
original,matched_honest_dishonest,L9,9,logistic,0.9612
original,matched_honest_lying,L9,9,repe_pca,0.6554
original,matched_honest_lying,L9,9,mean_diff,0.6648
original,matched_honest_lying,L9,9,logistic,0.9337
original,matched_truthful_deceptive,L9,9,repe_pca,0.5978
original,matched_truthful_deceptive,L9,9,mean_diff,0.6025
original,matched_truthful_deceptive,L9,9,logistic,0.8056
original,matched_truthful_lying,L9,9,repe_pca,0.6136
original,matched_truthful_lying,L9,9,mean_diff,0.616
original,matched_truthful_lying,L9,9,logistic,0.807
original,original,L10,10,repe_pca,0.8452
original,original,L10,10,mean_diff,0.8473
original,original,L10,10,logistic,0.9988
original,false_statements,L10,10,repe_pca,0.8581
original,false_statements,L10,10,mean_diff,0.8611
original,false_statements,L10,10,logistic,0.9986
original,matched_honest_dishonest,L10,10,repe_pca,0.7388
original,matched_honest_dishonest,L10,10,mean_diff,0.7388
original,matched_honest_dishonest,L10,10,logistic,0.9253
original,matched_honest_lying,L10,10,repe_pca,0.6799
original,matched_honest_lying,L10,10,mean_diff,0.6823
original,matched_honest_lying,L10,10,logistic,0.9156
original,matched_truthful_deceptive,L10,10,repe_pca,0.5917
original,matched_truthful_deceptive,L10,10,mean_diff,0.5925
original,matched_truthful_deceptive,L10,10,logistic,0.7535
original,matched_truthful_lying,L10,10,repe_pca,0.6046
original,matched_truthful_lying,L10,10,mean_diff,0.6064
original,matched_truthful_lying,L10,10,logistic,0.7675
original,original,L11,11,repe_pca,0.9563
original,original,L11,11,mean_diff,0.9517
original,original,L11,11,logistic,0.9969
original,false_statements,L11,11,repe_pca,0.9522
original,false_statements,L11,11,mean_diff,0.9472
original,false_statements,L11,11,logistic,0.9985
original,matched_honest_dishonest,L11,11,repe_pca,0.8228
original,matched_honest_dishonest,L11,11,mean_diff,0.8191
original,matched_honest_dishonest,L11,11,logistic,0.9222
original,matched_honest_lying,L11,11,repe_pca,0.7885
original,matched_honest_lying,L11,11,mean_diff,0.7853
original,matched_honest_lying,L11,11,logistic,0.9243
original,matched_truthful_deceptive,L11,11,repe_pca,0.6386
original,matched_truthful_deceptive,L11,11,mean_diff,0.6384
original,matched_truthful_deceptive,L11,11,logistic,0.7874
original,matched_truthful_lying,L11,11,repe_pca,0.6743
original,matched_truthful_lying,L11,11,mean_diff,0.6742
original,matched_truthful_lying,L11,11,logistic,0.7857
original,original,final,12,repe_pca,0.9146
original,original,final,12,mean_diff,0.916
original,original,final,12,logistic,0.9994
original,false_statements,final,12,repe_pca,0.9249
original,false_statements,final,12,mean_diff,0.9254
original,false_statements,final,12,logistic,0.9999
original,matched_honest_dishonest,final,12,repe_pca,0.7173
original,matched_honest_dishonest,final,12,mean_diff,0.721
original,matched_honest_dishonest,final,12,logistic,0.9222
original,matched_honest_lying,final,12,repe_pca,0.7423
original,matched_honest_lying,final,12,mean_diff,0.7453
original,matched_honest_lying,final,12,logistic,0.9416
original,matched_truthful_deceptive,final,12,repe_pca,0.5611
original,matched_truthful_deceptive,final,12,mean_diff,0.5646
original,matched_truthful_deceptive,final,12,logistic,0.759
original,matched_truthful_lying,final,12,repe_pca,0.617
original,matched_truthful_lying,final,12,mean_diff,0.6222
original,matched_truthful_lying,final,12,logistic,0.802
false_statements,original,L0,0,repe_pca,0.7251
false_statements,original,L0,0,mean_diff,0.7251
false_statements,original,L0,0,logistic,0.658
false_statements,false_statements,L0,0,repe_pca,0.711
false_statements,false_statements,L0,0,mean_diff,0.7099
false_statements,false_statements,L0,0,logistic,0.7447
false_statements,matched_honest_dishonest,L0,0,repe_pca,0.5
false_statements,matched_honest_dishonest,L0,0,mean_diff,0.5
false_statements,matched_honest_dishonest,L0,0,logistic,0.5
false_statements,matched_honest_lying,L0,0,repe_pca,0.5
false_statements,matched_honest_lying,L0,0,mean_diff,0.5
false_statements,matched_honest_lying,L0,0,logistic,0.5
false_statements,matched_truthful_deceptive,L0,0,repe_pca,0.5
false_statements,matched_truthful_deceptive,L0,0,mean_diff,0.5
false_statements,matched_truthful_deceptive,L0,0,logistic,0.5
false_statements,matched_truthful_lying,L0,0,repe_pca,0.5
false_statements,matched_truthful_lying,L0,0,mean_diff,0.5
false_statements,matched_truthful_lying,L0,0,logistic,0.5
false_statements,original,L1,1,repe_pca,0.7547
false_statements,original,L1,1,mean_diff,0.7543
false_statements,original,L1,1,logistic,0.9811
false_statements,false_statements,L1,1,repe_pca,0.7431
false_statements,false_statements,L1,1,mean_diff,0.7427
false_statements,false_statements,L1,1,logistic,0.9862
false_statements,matched_honest_dishonest,L1,1,repe_pca,0.4985
false_statements,matched_honest_dishonest,L1,1,mean_diff,0.4979
false_statements,matched_honest_dishonest,L1,1,logistic,0.3588
false_statements,matched_honest_lying,L1,1,repe_pca,0.5128
false_statements,matched_honest_lying,L1,1,mean_diff,0.5131
false_statements,matched_honest_lying,L1,1,logistic,0.5398
false_statements,matched_truthful_deceptive,L1,1,repe_pca,0.4991
false_statements,matched_truthful_deceptive,L1,1,mean_diff,0.4994
false_statements,matched_truthful_deceptive,L1,1,logistic,0.3779
false_statements,matched_truthful_lying,L1,1,repe_pca,0.506
false_statements,matched_truthful_lying,L1,1,mean_diff,0.5064
false_statements,matched_truthful_lying,L1,1,logistic,0.4651
false_statements,original,L2,2,repe_pca,0.7677
false_statements,original,L2,2,mean_diff,0.7667
false_statements,original,L2,2,logistic,0.9732
false_statements,false_statements,L2,2,repe_pca,0.7455
false_statements,false_statements,L2,2,mean_diff,0.7455
false_statements,false_statements,L2,2,logistic,0.9823
false_statements,matched_honest_dishonest,L2,2,repe_pca,0.5163
false_statements,matched_honest_dishonest,L2,2,mean_diff,0.516
false_statements,matched_honest_dishonest,L2,2,logistic,0.5943
false_statements,matched_honest_lying,L2,2,repe_pca,0.5354
false_statements,matched_honest_lying,L2,2,mean_diff,0.5347
false_statements,matched_honest_lying,L2,2,logistic,0.6541
false_statements,matched_truthful_deceptive,L2,2,repe_pca,0.5098
false_statements,matched_truthful_deceptive,L2,2,mean_diff,0.5099
false_statements,matched_truthful_deceptive,L2,2,logistic,0.5409
false_statements,matched_truthful_lying,L2,2,repe_pca,0.5153
false_statements,matched_truthful_lying,L2,2,mean_diff,0.5158
false_statements,matched_truthful_lying,L2,2,logistic,0.6072
false_statements,original,L3,3,repe_pca,0.9321
false_statements,original,L3,3,mean_diff,0.9305
false_statements,original,L3,3,logistic,0.991
false_statements,false_statements,L3,3,repe_pca,0.9078
false_statements,false_statements,L3,3,mean_diff,0.9048
false_statements,false_statements,L3,3,logistic,0.9996
false_statements,matched_honest_dishonest,L3,3,repe_pca,0.7152
false_statements,matched_honest_dishonest,L3,3,mean_diff,0.7095
false_statements,matched_honest_dishonest,L3,3,logistic,0.9209
false_statements,matched_honest_lying,L3,3,repe_pca,0.6319
false_statements,matched_honest_lying,L3,3,mean_diff,0.6299
false_statements,matched_honest_lying,L3,3,logistic,0.849
false_statements,matched_truthful_deceptive,L3,3,repe_pca,0.5278
false_statements,matched_truthful_deceptive,L3,3,mean_diff,0.5273
false_statements,matched_truthful_deceptive,L3,3,logistic,0.4626
false_statements,matched_truthful_lying,L3,3,repe_pca,0.4814
false_statements,matched_truthful_lying,L3,3,mean_diff,0.4826
false_statements,matched_truthful_lying,L3,3,logistic,0.4258
false_statements,original,L4,4,repe_pca,0.9384
false_statements,original,L4,4,mean_diff,0.9365
false_statements,original,L4,4,logistic,0.9888
false_statements,false_statements,L4,4,repe_pca,0.9039
false_statements,false_statements,L4,4,mean_diff,0.9004
false_statements,false_statements,L4,4,logistic,0.9991
false_statements,matched_honest_dishonest,L4,4,repe_pca,0.7647
false_statements,matched_honest_dishonest,L4,4,mean_diff,0.7577
false_statements,matched_honest_dishonest,L4,4,logistic,0.912
false_statements,matched_honest_lying,L4,4,repe_pca,0.6631
false_statements,matched_honest_lying,L4,4,mean_diff,0.661
false_statements,matched_honest_lying,L4,4,logistic,0.8381
false_statements,matched_truthful_deceptive,L4,4,repe_pca,0.5258
false_statements,matched_truthful_deceptive,L4,4,mean_diff,0.5275
false_statements,matched_truthful_deceptive,L4,4,logistic,0.4859
false_statements,matched_truthful_lying,L4,4,repe_pca,0.509
false_statements,matched_truthful_lying,L4,4,mean_diff,0.51
false_statements,matched_truthful_lying,L4,4,logistic,0.5095
false_statements,original,L5,5,repe_pca,0.9365
false_statements,original,L5,5,mean_diff,0.9348
false_statements,original,L5,5,logistic,0.9857
false_statements,false_statements,L5,5,repe_pca,0.946
false_statements,false_statements,L5,5,mean_diff,0.9427
false_statements,false_statements,L5,5,logistic,0.9904
false_statements,matched_honest_dishonest,L5,5,repe_pca,0.8337
false_statements,matched_honest_dishonest,L5,5,mean_diff,0.8314
false_statements,matched_honest_dishonest,L5,5,logistic,0.9411
false_statements,matched_honest_lying,L5,5,repe_pca,0.7083
false_statements,matched_honest_lying,L5,5,mean_diff,0.7091
false_statements,matched_honest_lying,L5,5,logistic,0.8668
false_statements,matched_truthful_deceptive,L5,5,repe_pca,0.5849
false_statements,matched_truthful_deceptive,L5,5,mean_diff,0.5846
false_statements,matched_truthful_deceptive,L5,5,logistic,0.6421
false_statements,matched_truthful_lying,L5,5,repe_pca,0.5788
false_statements,matched_truthful_lying,L5,5,mean_diff,0.5801
false_statements,matched_truthful_lying,L5,5,logistic,0.6548
false_statements,original,L6,6,repe_pca,0.9573
false_statements,original,L6,6,mean_diff,0.959
false_statements,original,L6,6,logistic,0.9886
false_statements,false_statements,L6,6,repe_pca,0.9583
false_statements,false_statements,L6,6,mean_diff,0.9605
false_statements,false_statements,L6,6,logistic,0.9907
false_statements,matched_honest_dishonest,L6,6,repe_pca,0.9004
false_statements,matched_honest_dishonest,L6,6,mean_diff,0.8985
false_statements,matched_honest_dishonest,L6,6,logistic,0.9657
false_statements,matched_honest_lying,L6,6,repe_pca,0.7784
false_statements,matched_honest_lying,L6,6,mean_diff,0.7795
false_statements,matched_honest_lying,L6,6,logistic,0.9069
false_statements,matched_truthful_deceptive,L6,6,repe_pca,0.6454
false_statements,matched_truthful_deceptive,L6,6,mean_diff,0.6442
false_statements,matched_truthful_deceptive,L6,6,logistic,0.712
false_statements,matched_truthful_lying,L6,6,repe_pca,0.637
false_statements,matched_truthful_lying,L6,6,mean_diff,0.6384
false_statements,matched_truthful_lying,L6,6,logistic,0.7173
false_statements,original,L7,7,repe_pca,0.8444
false_statements,original,L7,7,mean_diff,0.8516
false_statements,original,L7,7,logistic,0.9906
false_statements,false_statements,L7,7,repe_pca,0.8139
false_statements,false_statements,L7,7,mean_diff,0.8217
false_statements,false_statements,L7,7,logistic,0.9937
false_statements,matched_honest_dishonest,L7,7,repe_pca,0.7774
false_statements,matched_honest_dishonest,L7,7,mean_diff,0.784
false_statements,matched_honest_dishonest,L7,7,logistic,0.9631
false_statements,matched_honest_lying,L7,7,repe_pca,0.6706
false_statements,matched_honest_lying,L7,7,mean_diff,0.6744
false_statements,matched_honest_lying,L7,7,logistic,0.9099
false_statements,matched_truthful_deceptive,L7,7,repe_pca,0.5912
false_statements,matched_truthful_deceptive,L7,7,mean_diff,0.5933
false_statements,matched_truthful_deceptive,L7,7,logistic,0.6446
false_statements,matched_truthful_lying,L7,7,repe_pca,0.6084
false_statements,matched_truthful_lying,L7,7,mean_diff,0.6085
false_statements,matched_truthful_lying,L7,7,logistic,0.7465
false_statements,original,L8,8,repe_pca,0.7954
false_statements,original,L8,8,mean_diff,0.8098
false_statements,original,L8,8,logistic,0.9909
false_statements,false_statements,L8,8,repe_pca,0.7676
false_statements,false_statements,L8,8,mean_diff,0.7818
false_statements,false_statements,L8,8,logistic,0.9973
false_statements,matched_honest_dishonest,L8,8,repe_pca,0.7375
false_statements,matched_honest_dishonest,L8,8,mean_diff,0.7452
false_statements,matched_honest_dishonest,L8,8,logistic,0.9623
false_statements,matched_honest_lying,L8,8,repe_pca,0.6535
false_statements,matched_honest_lying,L8,8,mean_diff,0.6611
false_statements,matched_honest_lying,L8,8,logistic,0.9196
false_statements,matched_truthful_deceptive,L8,8,repe_pca,0.5689
false_statements,matched_truthful_deceptive,L8,8,mean_diff,0.5696
false_statements,matched_truthful_deceptive,L8,8,logistic,0.7063
false_statements,matched_truthful_lying,L8,8,repe_pca,0.6041
false_statements,matched_truthful_lying,L8,8,mean_diff,0.6042
false_statements,matched_truthful_lying,L8,8,logistic,0.7736
false_statements,original,L9,9,repe_pca,0.7637
false_statements,original,L9,9,mean_diff,0.7759
false_statements,original,L9,9,logistic,0.993
false_statements,false_statements,L9,9,repe_pca,0.7556
false_statements,false_statements,L9,9,mean_diff,0.7714
false_statements,false_statements,L9,9,logistic,0.9981
false_statements,matched_honest_dishonest,L9,9,repe_pca,0.7178
false_statements,matched_honest_dishonest,L9,9,mean_diff,0.7236
false_statements,matched_honest_dishonest,L9,9,logistic,0.9501
false_statements,matched_honest_lying,L9,9,repe_pca,0.6333
false_statements,matched_honest_lying,L9,9,mean_diff,0.6417
false_statements,matched_honest_lying,L9,9,logistic,0.9189
false_statements,matched_truthful_deceptive,L9,9,repe_pca,0.5784
false_statements,matched_truthful_deceptive,L9,9,mean_diff,0.5825
false_statements,matched_truthful_deceptive,L9,9,logistic,0.7236
false_statements,matched_truthful_lying,L9,9,repe_pca,0.5975
false_statements,matched_truthful_lying,L9,9,mean_diff,0.6017
false_statements,matched_truthful_lying,L9,9,logistic,0.7819
false_statements,original,L10,10,repe_pca,0.8127
false_statements,original,L10,10,mean_diff,0.8184
false_statements,original,L10,10,logistic,0.9941
false_statements,false_statements,L10,10,repe_pca,0.8197
false_statements,false_statements,L10,10,mean_diff,0.8278
false_statements,false_statements,L10,10,logistic,0.9992
false_statements,matched_honest_dishonest,L10,10,repe_pca,0.7272
false_statements,matched_honest_dishonest,L10,10,mean_diff,0.7281
false_statements,matched_honest_dishonest,L10,10,logistic,0.9254
false_statements,matched_honest_lying,L10,10,repe_pca,0.6593
false_statements,matched_honest_lying,L10,10,mean_diff,0.6622
false_statements,matched_honest_lying,L10,10,logistic,0.9044
false_statements,matched_truthful_deceptive,L10,10,repe_pca,0.5753
false_statements,matched_truthful_deceptive,L10,10,mean_diff,0.5764
false_statements,matched_truthful_deceptive,L10,10,logistic,0.6936
false_statements,matched_truthful_lying,L10,10,repe_pca,0.5943
false_statements,matched_truthful_lying,L10,10,mean_diff,0.5937
false_statements,matched_truthful_lying,L10,10,logistic,0.7277
false_statements,original,L11,11,repe_pca,0.937
false_statements,original,L11,11,mean_diff,0.9352
false_statements,original,L11,11,logistic,0.9977
false_statements,false_statements,L11,11,repe_pca,0.936
false_statements,false_statements,L11,11,mean_diff,0.9351
false_statements,false_statements,L11,11,logistic,0.9995
false_statements,matched_honest_dishonest,L11,11,repe_pca,0.801
false_statements,matched_honest_dishonest,L11,11,mean_diff,0.7986
false_statements,matched_honest_dishonest,L11,11,logistic,0.9002
false_statements,matched_honest_lying,L11,11,repe_pca,0.7583
false_statements,matched_honest_lying,L11,11,mean_diff,0.7577
false_statements,matched_honest_lying,L11,11,logistic,0.9151
false_statements,matched_truthful_deceptive,L11,11,repe_pca,0.6095
false_statements,matched_truthful_deceptive,L11,11,mean_diff,0.6102
false_statements,matched_truthful_deceptive,L11,11,logistic,0.724
false_statements,matched_truthful_lying,L11,11,repe_pca,0.6498
false_statements,matched_truthful_lying,L11,11,mean_diff,0.6512
false_statements,matched_truthful_lying,L11,11,logistic,0.7578
false_statements,original,final,12,repe_pca,0.9111
false_statements,original,final,12,mean_diff,0.9068
false_statements,original,final,12,logistic,0.9988
false_statements,false_statements,final,12,repe_pca,0.9226
false_statements,false_statements,final,12,mean_diff,0.9168
false_statements,false_statements,final,12,logistic,1.0
false_statements,matched_honest_dishonest,final,12,repe_pca,0.7117
false_statements,matched_honest_dishonest,final,12,mean_diff,0.7123
false_statements,matched_honest_dishonest,final,12,logistic,0.8996
false_statements,matched_honest_lying,final,12,repe_pca,0.7325
false_statements,matched_honest_lying,final,12,mean_diff,0.732
false_statements,matched_honest_lying,final,12,logistic,0.938
false_statements,matched_truthful_deceptive,final,12,repe_pca,0.5501
false_statements,matched_truthful_deceptive,final,12,mean_diff,0.5499
false_statements,matched_truthful_deceptive,final,12,logistic,0.7012
false_statements,matched_truthful_lying,final,12,repe_pca,0.6106
false_statements,matched_truthful_lying,final,12,mean_diff,0.6125
false_statements,matched_truthful_lying,final,12,logistic,0.7873
matched_honest_dishonest,original,L0,0,repe_pca,0.5584
matched_honest_dishonest,original,L0,0,mean_diff,0.5
matched_honest_dishonest,original,L0,0,logistic,0.5
matched_honest_dishonest,false_statements,L0,0,repe_pca,0.5696
matched_honest_dishonest,false_statements,L0,0,mean_diff,0.5
matched_honest_dishonest,false_statements,L0,0,logistic,0.5
matched_honest_dishonest,matched_honest_dishonest,L0,0,repe_pca,0.5
matched_honest_dishonest,matched_honest_dishonest,L0,0,mean_diff,0.5
matched_honest_dishonest,matched_honest_dishonest,L0,0,logistic,0.5
matched_honest_dishonest,matched_honest_lying,L0,0,repe_pca,0.5
matched_honest_dishonest,matched_honest_lying,L0,0,mean_diff,0.5
matched_honest_dishonest,matched_honest_lying,L0,0,logistic,0.5
matched_honest_dishonest,matched_truthful_deceptive,L0,0,repe_pca,0.5
matched_honest_dishonest,matched_truthful_deceptive,L0,0,mean_diff,0.5
matched_honest_dishonest,matched_truthful_deceptive,L0,0,logistic,0.5
matched_honest_dishonest,matched_truthful_lying,L0,0,repe_pca,0.5
matched_honest_dishonest,matched_truthful_lying,L0,0,mean_diff,0.5
matched_honest_dishonest,matched_truthful_lying,L0,0,logistic,0.5
matched_honest_dishonest,original,L1,1,repe_pca,0.498
matched_honest_dishonest,original,L1,1,mean_diff,0.4863
matched_honest_dishonest,original,L1,1,logistic,0.3823
matched_honest_dishonest,false_statements,L1,1,repe_pca,0.5051
matched_honest_dishonest,false_statements,L1,1,mean_diff,0.4949
matched_honest_dishonest,false_statements,L1,1,logistic,0.3821
matched_honest_dishonest,matched_honest_dishonest,L1,1,repe_pca,0.8467
matched_honest_dishonest,matched_honest_dishonest,L1,1,mean_diff,0.8521
matched_honest_dishonest,matched_honest_dishonest,L1,1,logistic,0.9611
matched_honest_dishonest,matched_honest_lying,L1,1,repe_pca,0.5543
matched_honest_dishonest,matched_honest_lying,L1,1,mean_diff,0.5554
matched_honest_dishonest,matched_honest_lying,L1,1,logistic,0.5075
matched_honest_dishonest,matched_truthful_deceptive,L1,1,repe_pca,0.5409
matched_honest_dishonest,matched_truthful_deceptive,L1,1,mean_diff,0.5417
matched_honest_dishonest,matched_truthful_deceptive,L1,1,logistic,0.5151
matched_honest_dishonest,matched_truthful_lying,L1,1,repe_pca,0.4554
matched_honest_dishonest,matched_truthful_lying,L1,1,mean_diff,0.4532
matched_honest_dishonest,matched_truthful_lying,L1,1,logistic,0.3296
matched_honest_dishonest,original,L2,2,repe_pca,0.5884
matched_honest_dishonest,original,L2,2,mean_diff,0.5862
matched_honest_dishonest,original,L2,2,logistic,0.5904
matched_honest_dishonest,false_statements,L2,2,repe_pca,0.6017
matched_honest_dishonest,false_statements,L2,2,mean_diff,0.5966
matched_honest_dishonest,false_statements,L2,2,logistic,0.5956
matched_honest_dishonest,matched_honest_dishonest,L2,2,repe_pca,0.8422
matched_honest_dishonest,matched_honest_dishonest,L2,2,mean_diff,0.8443
matched_honest_dishonest,matched_honest_dishonest,L2,2,logistic,0.962
matched_honest_dishonest,matched_honest_lying,L2,2,repe_pca,0.593
matched_honest_dishonest,matched_honest_lying,L2,2,mean_diff,0.5933
matched_honest_dishonest,matched_honest_lying,L2,2,logistic,0.6507
matched_honest_dishonest,matched_truthful_deceptive,L2,2,repe_pca,0.4601
matched_honest_dishonest,matched_truthful_deceptive,L2,2,mean_diff,0.4602
matched_honest_dishonest,matched_truthful_deceptive,L2,2,logistic,0.5077
matched_honest_dishonest,matched_truthful_lying,L2,2,repe_pca,0.4322
matched_honest_dishonest,matched_truthful_lying,L2,2,mean_diff,0.4302
matched_honest_dishonest,matched_truthful_lying,L2,2,logistic,0.4152
matched_honest_dishonest,original,L3,3,repe_pca,0.9044
matched_honest_dishonest,original,L3,3,mean_diff,0.906
matched_honest_dishonest,original,L3,3,logistic,0.9521
matched_honest_dishonest,false_statements,L3,3,repe_pca,0.8741
matched_honest_dishonest,false_statements,L3,3,mean_diff,0.8748
matched_honest_dishonest,false_statements,L3,3,logistic,0.9572
matched_honest_dishonest,matched_honest_dishonest,L3,3,repe_pca,0.9759
matched_honest_dishonest,matched_honest_dishonest,L3,3,mean_diff,0.9763
matched_honest_dishonest,matched_honest_dishonest,L3,3,logistic,0.992
matched_honest_dishonest,matched_honest_lying,L3,3,repe_pca,0.7421
matched_honest_dishonest,matched_honest_lying,L3,3,mean_diff,0.7457
matched_honest_dishonest,matched_honest_lying,L3,3,logistic,0.8769
matched_honest_dishonest,matched_truthful_deceptive,L3,3,repe_pca,0.6564
matched_honest_dishonest,matched_truthful_deceptive,L3,3,mean_diff,0.6583
matched_honest_dishonest,matched_truthful_deceptive,L3,3,logistic,0.7477
matched_honest_dishonest,matched_truthful_lying,L3,3,repe_pca,0.5689
matched_honest_dishonest,matched_truthful_lying,L3,3,mean_diff,0.5684
matched_honest_dishonest,matched_truthful_lying,L3,3,logistic,0.6356
matched_honest_dishonest,original,L4,4,repe_pca,0.8231
matched_honest_dishonest,original,L4,4,mean_diff,0.8247
matched_honest_dishonest,original,L4,4,logistic,0.8959
matched_honest_dishonest,false_statements,L4,4,repe_pca,0.769
matched_honest_dishonest,false_statements,L4,4,mean_diff,0.7695
matched_honest_dishonest,false_statements,L4,4,logistic,0.8961
matched_honest_dishonest,matched_honest_dishonest,L4,4,repe_pca,0.9559
matched_honest_dishonest,matched_honest_dishonest,L4,4,mean_diff,0.9559
matched_honest_dishonest,matched_honest_dishonest,L4,4,logistic,0.9731
matched_honest_dishonest,matched_honest_lying,L4,4,repe_pca,0.6764
matched_honest_dishonest,matched_honest_lying,L4,4,mean_diff,0.6765
matched_honest_dishonest,matched_honest_lying,L4,4,logistic,0.8006
matched_honest_dishonest,matched_truthful_deceptive,L4,4,repe_pca,0.6275
matched_honest_dishonest,matched_truthful_deceptive,L4,4,mean_diff,0.6302
matched_honest_dishonest,matched_truthful_deceptive,L4,4,logistic,0.7099
matched_honest_dishonest,matched_truthful_lying,L4,4,repe_pca,0.5437
matched_honest_dishonest,matched_truthful_lying,L4,4,mean_diff,0.5428
matched_honest_dishonest,matched_truthful_lying,L4,4,logistic,0.5816
matched_honest_dishonest,original,L5,5,repe_pca,0.7969
matched_honest_dishonest,original,L5,5,mean_diff,0.7984
matched_honest_dishonest,original,L5,5,logistic,0.9256
matched_honest_dishonest,false_statements,L5,5,repe_pca,0.8055
matched_honest_dishonest,false_statements,L5,5,mean_diff,0.8076
matched_honest_dishonest,false_statements,L5,5,logistic,0.9342
matched_honest_dishonest,matched_honest_dishonest,L5,5,repe_pca,0.9253
matched_honest_dishonest,matched_honest_dishonest,L5,5,mean_diff,0.9284
matched_honest_dishonest,matched_honest_dishonest,L5,5,logistic,0.971
matched_honest_dishonest,matched_honest_lying,L5,5,repe_pca,0.6883
matched_honest_dishonest,matched_honest_lying,L5,5,mean_diff,0.6899
matched_honest_dishonest,matched_honest_lying,L5,5,logistic,0.8421
matched_honest_dishonest,matched_truthful_deceptive,L5,5,repe_pca,0.6256
matched_honest_dishonest,matched_truthful_deceptive,L5,5,mean_diff,0.6264
matched_honest_dishonest,matched_truthful_deceptive,L5,5,logistic,0.7347
matched_honest_dishonest,matched_truthful_lying,L5,5,repe_pca,0.596
matched_honest_dishonest,matched_truthful_lying,L5,5,mean_diff,0.598
matched_honest_dishonest,matched_truthful_lying,L5,5,logistic,0.6799
matched_honest_dishonest,original,L6,6,repe_pca,0.748
matched_honest_dishonest,original,L6,6,mean_diff,0.7483
matched_honest_dishonest,original,L6,6,logistic,0.9265
matched_honest_dishonest,false_statements,L6,6,repe_pca,0.7465
matched_honest_dishonest,false_statements,L6,6,mean_diff,0.7488
matched_honest_dishonest,false_statements,L6,6,logistic,0.9414
matched_honest_dishonest,matched_honest_dishonest,L6,6,repe_pca,0.8878
matched_honest_dishonest,matched_honest_dishonest,L6,6,mean_diff,0.889
matched_honest_dishonest,matched_honest_dishonest,L6,6,logistic,0.9812
matched_honest_dishonest,matched_honest_lying,L6,6,repe_pca,0.6844
matched_honest_dishonest,matched_honest_lying,L6,6,mean_diff,0.6849
matched_honest_dishonest,matched_honest_lying,L6,6,logistic,0.8672
matched_honest_dishonest,matched_truthful_deceptive,L6,6,repe_pca,0.6426
matched_honest_dishonest,matched_truthful_deceptive,L6,6,mean_diff,0.6423
matched_honest_dishonest,matched_truthful_deceptive,L6,6,logistic,0.7947
matched_honest_dishonest,matched_truthful_lying,L6,6,repe_pca,0.6286
matched_honest_dishonest,matched_truthful_lying,L6,6,mean_diff,0.6291
matched_honest_dishonest,matched_truthful_lying,L6,6,logistic,0.74
matched_honest_dishonest,original,L7,7,repe_pca,0.7298
matched_honest_dishonest,original,L7,7,mean_diff,0.734
matched_honest_dishonest,original,L7,7,logistic,0.9512
matched_honest_dishonest,false_statements,L7,7,repe_pca,0.6984
matched_honest_dishonest,false_statements,L7,7,mean_diff,0.7003
matched_honest_dishonest,false_statements,L7,7,logistic,0.9523
matched_honest_dishonest,matched_honest_dishonest,L7,7,repe_pca,0.8367
matched_honest_dishonest,matched_honest_dishonest,L7,7,mean_diff,0.8414
matched_honest_dishonest,matched_honest_dishonest,L7,7,logistic,0.979
matched_honest_dishonest,matched_honest_lying,L7,7,repe_pca,0.6701
matched_honest_dishonest,matched_honest_lying,L7,7,mean_diff,0.6733
matched_honest_dishonest,matched_honest_lying,L7,7,logistic,0.9164
matched_honest_dishonest,matched_truthful_deceptive,L7,7,repe_pca,0.6488
matched_honest_dishonest,matched_truthful_deceptive,L7,7,mean_diff,0.6516
matched_honest_dishonest,matched_truthful_deceptive,L7,7,logistic,0.8605
matched_honest_dishonest,matched_truthful_lying,L7,7,repe_pca,0.6314
matched_honest_dishonest,matched_truthful_lying,L7,7,mean_diff,0.6328
matched_honest_dishonest,matched_truthful_lying,L7,7,logistic,0.8105
matched_honest_dishonest,original,L8,8,repe_pca,0.7242
matched_honest_dishonest,original,L8,8,mean_diff,0.7299
matched_honest_dishonest,original,L8,8,logistic,0.9541
matched_honest_dishonest,false_statements,L8,8,repe_pca,0.706
matched_honest_dishonest,false_statements,L8,8,mean_diff,0.7089
matched_honest_dishonest,false_statements,L8,8,logistic,0.9391
matched_honest_dishonest,matched_honest_dishonest,L8,8,repe_pca,0.8153
matched_honest_dishonest,matched_honest_dishonest,L8,8,mean_diff,0.8235
matched_honest_dishonest,matched_honest_dishonest,L8,8,logistic,0.9907
matched_honest_dishonest,matched_honest_lying,L8,8,repe_pca,0.6733
matched_honest_dishonest,matched_honest_lying,L8,8,mean_diff,0.6785
matched_honest_dishonest,matched_honest_lying,L8,8,logistic,0.9215
matched_honest_dishonest,matched_truthful_deceptive,L8,8,repe_pca,0.6354
matched_honest_dishonest,matched_truthful_deceptive,L8,8,mean_diff,0.637
matched_honest_dishonest,matched_truthful_deceptive,L8,8,logistic,0.8838
matched_honest_dishonest,matched_truthful_lying,L8,8,repe_pca,0.6299
matched_honest_dishonest,matched_truthful_lying,L8,8,mean_diff,0.6312
matched_honest_dishonest,matched_truthful_lying,L8,8,logistic,0.8111
matched_honest_dishonest,original,L9,9,repe_pca,0.7006
matched_honest_dishonest,original,L9,9,mean_diff,0.7075
matched_honest_dishonest,original,L9,9,logistic,0.9499
matched_honest_dishonest,false_statements,L9,9,repe_pca,0.6976
matched_honest_dishonest,false_statements,L9,9,mean_diff,0.7055
matched_honest_dishonest,false_statements,L9,9,logistic,0.9426
matched_honest_dishonest,matched_honest_dishonest,L9,9,repe_pca,0.7883
matched_honest_dishonest,matched_honest_dishonest,L9,9,mean_diff,0.7969
matched_honest_dishonest,matched_honest_dishonest,L9,9,logistic,0.9864
matched_honest_dishonest,matched_honest_lying,L9,9,repe_pca,0.6605
matched_honest_dishonest,matched_honest_lying,L9,9,mean_diff,0.667
matched_honest_dishonest,matched_honest_lying,L9,9,logistic,0.9364
matched_honest_dishonest,matched_truthful_deceptive,L9,9,repe_pca,0.6574
matched_honest_dishonest,matched_truthful_deceptive,L9,9,mean_diff,0.6625
matched_honest_dishonest,matched_truthful_deceptive,L9,9,logistic,0.9101
matched_honest_dishonest,matched_truthful_lying,L9,9,repe_pca,0.6317
matched_honest_dishonest,matched_truthful_lying,L9,9,mean_diff,0.6342
matched_honest_dishonest,matched_truthful_lying,L9,9,logistic,0.8381
matched_honest_dishonest,original,L10,10,repe_pca,0.7298
matched_honest_dishonest,original,L10,10,mean_diff,0.7344
matched_honest_dishonest,original,L10,10,logistic,0.9354
matched_honest_dishonest,false_statements,L10,10,repe_pca,0.7233
matched_honest_dishonest,false_statements,L10,10,mean_diff,0.7292
matched_honest_dishonest,false_statements,L10,10,logistic,0.9376
matched_honest_dishonest,matched_honest_dishonest,L10,10,repe_pca,0.8279
matched_honest_dishonest,matched_honest_dishonest,L10,10,mean_diff,0.8305
matched_honest_dishonest,matched_honest_dishonest,L10,10,logistic,0.9838
matched_honest_dishonest,matched_honest_lying,L10,10,repe_pca,0.7006
matched_honest_dishonest,matched_honest_lying,L10,10,mean_diff,0.7042
matched_honest_dishonest,matched_honest_lying,L10,10,logistic,0.9485
matched_honest_dishonest,matched_truthful_deceptive,L10,10,repe_pca,0.6831
matched_honest_dishonest,matched_truthful_deceptive,L10,10,mean_diff,0.6865
matched_honest_dishonest,matched_truthful_deceptive,L10,10,logistic,0.9102
matched_honest_dishonest,matched_truthful_lying,L10,10,repe_pca,0.6567
matched_honest_dishonest,matched_truthful_lying,L10,10,mean_diff,0.6591
matched_honest_dishonest,matched_truthful_lying,L10,10,logistic,0.8621
matched_honest_dishonest,original,L11,11,repe_pca,0.8199
matched_honest_dishonest,original,L11,11,mean_diff,0.8212
matched_honest_dishonest,original,L11,11,logistic,0.98
matched_honest_dishonest,false_statements,L11,11,repe_pca,0.7778
matched_honest_dishonest,false_statements,L11,11,mean_diff,0.7825
matched_honest_dishonest,false_statements,L11,11,logistic,0.9572
matched_honest_dishonest,matched_honest_dishonest,L11,11,repe_pca,0.9111
matched_honest_dishonest,matched_honest_dishonest,L11,11,mean_diff,0.9122
matched_honest_dishonest,matched_honest_dishonest,L11,11,logistic,0.9963
matched_honest_dishonest,matched_honest_lying,L11,11,repe_pca,0.7899
matched_honest_dishonest,matched_honest_lying,L11,11,mean_diff,0.7905
matched_honest_dishonest,matched_honest_lying,L11,11,logistic,0.9863
matched_honest_dishonest,matched_truthful_deceptive,L11,11,repe_pca,0.7688
matched_honest_dishonest,matched_truthful_deceptive,L11,11,mean_diff,0.7688
matched_honest_dishonest,matched_truthful_deceptive,L11,11,logistic,0.9642
matched_honest_dishonest,matched_truthful_lying,L11,11,repe_pca,0.7323
matched_honest_dishonest,matched_truthful_lying,L11,11,mean_diff,0.7323
matched_honest_dishonest,matched_truthful_lying,L11,11,logistic,0.9269
matched_honest_dishonest,original,final,12,repe_pca,0.8609
matched_honest_dishonest,original,final,12,mean_diff,0.8617
matched_honest_dishonest,original,final,12,logistic,0.97
matched_honest_dishonest,false_statements,final,12,repe_pca,0.8344
matched_honest_dishonest,false_statements,final,12,mean_diff,0.8374
matched_honest_dishonest,false_statements,final,12,logistic,0.9593
matched_honest_dishonest,matched_honest_dishonest,final,12,repe_pca,0.9548
matched_honest_dishonest,matched_honest_dishonest,final,12,mean_diff,0.9553
matched_honest_dishonest,matched_honest_dishonest,final,12,logistic,0.992
matched_honest_dishonest,matched_honest_lying,final,12,repe_pca,0.8547
matched_honest_dishonest,matched_honest_lying,final,12,mean_diff,0.8549
matched_honest_dishonest,matched_honest_lying,final,12,logistic,0.9837
matched_honest_dishonest,matched_truthful_deceptive,final,12,repe_pca,0.8331
matched_honest_dishonest,matched_truthful_deceptive,final,12,mean_diff,0.832
matched_honest_dishonest,matched_truthful_deceptive,final,12,logistic,0.9651
matched_honest_dishonest,matched_truthful_lying,final,12,repe_pca,0.7843
matched_honest_dishonest,matched_truthful_lying,final,12,mean_diff,0.781
matched_honest_dishonest,matched_truthful_lying,final,12,logistic,0.9369
matched_honest_lying,original,L0,0,repe_pca,0.5584
matched_honest_lying,original,L0,0,mean_diff,0.5
matched_honest_lying,original,L0,0,logistic,0.5
matched_honest_lying,false_statements,L0,0,repe_pca,0.5696
matched_honest_lying,false_statements,L0,0,mean_diff,0.5
matched_honest_lying,false_statements,L0,0,logistic,0.5
matched_honest_lying,matched_honest_dishonest,L0,0,repe_pca,0.5
matched_honest_lying,matched_honest_dishonest,L0,0,mean_diff,0.5
matched_honest_lying,matched_honest_dishonest,L0,0,logistic,0.5
matched_honest_lying,matched_honest_lying,L0,0,repe_pca,0.5
matched_honest_lying,matched_honest_lying,L0,0,mean_diff,0.5
matched_honest_lying,matched_honest_lying,L0,0,logistic,0.5
matched_honest_lying,matched_truthful_deceptive,L0,0,repe_pca,0.5
matched_honest_lying,matched_truthful_deceptive,L0,0,mean_diff,0.5
matched_honest_lying,matched_truthful_deceptive,L0,0,logistic,0.5
matched_honest_lying,matched_truthful_lying,L0,0,repe_pca,0.5
matched_honest_lying,matched_truthful_lying,L0,0,mean_diff,0.5
matched_honest_lying,matched_truthful_lying,L0,0,logistic,0.5
matched_honest_lying,original,L1,1,repe_pca,0.6219
matched_honest_lying,original,L1,1,mean_diff,0.6189
matched_honest_lying,original,L1,1,logistic,0.5899
matched_honest_lying,false_statements,L1,1,repe_pca,0.6186
matched_honest_lying,false_statements,L1,1,mean_diff,0.6148
matched_honest_lying,false_statements,L1,1,logistic,0.6199
matched_honest_lying,matched_honest_dishonest,L1,1,repe_pca,0.5599
matched_honest_lying,matched_honest_dishonest,L1,1,mean_diff,0.5605
matched_honest_lying,matched_honest_dishonest,L1,1,logistic,0.542
matched_honest_lying,matched_honest_lying,L1,1,repe_pca,0.7419
matched_honest_lying,matched_honest_lying,L1,1,mean_diff,0.744
matched_honest_lying,matched_honest_lying,L1,1,logistic,0.9286
matched_honest_lying,matched_truthful_deceptive,L1,1,repe_pca,0.5967
matched_honest_lying,matched_truthful_deceptive,L1,1,mean_diff,0.5989
matched_honest_lying,matched_truthful_deceptive,L1,1,logistic,0.6022
matched_honest_lying,matched_truthful_lying,L1,1,repe_pca,0.7174
matched_honest_lying,matched_truthful_lying,L1,1,mean_diff,0.7206
matched_honest_lying,matched_truthful_lying,L1,1,logistic,0.8702
matched_honest_lying,original,L2,2,repe_pca,0.6481
matched_honest_lying,original,L2,2,mean_diff,0.6494
matched_honest_lying,original,L2,2,logistic,0.796
matched_honest_lying,false_statements,L2,2,repe_pca,0.6411
matched_honest_lying,false_statements,L2,2,mean_diff,0.6425
matched_honest_lying,false_statements,L2,2,logistic,0.8157
matched_honest_lying,matched_honest_dishonest,L2,2,repe_pca,0.5653
matched_honest_lying,matched_honest_dishonest,L2,2,mean_diff,0.5653
matched_honest_lying,matched_honest_dishonest,L2,2,logistic,0.7612
matched_honest_lying,matched_honest_lying,L2,2,repe_pca,0.6944
matched_honest_lying,matched_honest_lying,L2,2,mean_diff,0.6949
matched_honest_lying,matched_honest_lying,L2,2,logistic,0.9768
matched_honest_lying,matched_truthful_deceptive,L2,2,repe_pca,0.526
matched_honest_lying,matched_truthful_deceptive,L2,2,mean_diff,0.5264
matched_honest_lying,matched_truthful_deceptive,L2,2,logistic,0.528
matched_honest_lying,matched_truthful_lying,L2,2,repe_pca,0.6104
matched_honest_lying,matched_truthful_lying,L2,2,mean_diff,0.6101
matched_honest_lying,matched_truthful_lying,L2,2,logistic,0.8859
matched_honest_lying,original,L3,3,repe_pca,0.6986
matched_honest_lying,original,L3,3,mean_diff,0.6996
matched_honest_lying,original,L3,3,logistic,0.9583
matched_honest_lying,false_statements,L3,3,repe_pca,0.7258
matched_honest_lying,false_statements,L3,3,mean_diff,0.7265
matched_honest_lying,false_statements,L3,3,logistic,0.9812
matched_honest_lying,matched_honest_dishonest,L3,3,repe_pca,0.6485
matched_honest_lying,matched_honest_dishonest,L3,3,mean_diff,0.649
matched_honest_lying,matched_honest_dishonest,L3,3,logistic,0.9369
matched_honest_lying,matched_honest_lying,L3,3,repe_pca,0.7723
matched_honest_lying,matched_honest_lying,L3,3,mean_diff,0.7733
matched_honest_lying,matched_honest_lying,L3,3,logistic,0.9806
matched_honest_lying,matched_truthful_deceptive,L3,3,repe_pca,0.6011
matched_honest_lying,matched_truthful_deceptive,L3,3,mean_diff,0.6006
matched_honest_lying,matched_truthful_deceptive,L3,3,logistic,0.7473
matched_honest_lying,matched_truthful_lying,L3,3,repe_pca,0.6042
matched_honest_lying,matched_truthful_lying,L3,3,mean_diff,0.6044
matched_honest_lying,matched_truthful_lying,L3,3,logistic,0.8202
matched_honest_lying,original,L4,4,repe_pca,0.7304
matched_honest_lying,original,L4,4,mean_diff,0.7296
matched_honest_lying,original,L4,4,logistic,0.8946
matched_honest_lying,false_statements,L4,4,repe_pca,0.7315
matched_honest_lying,false_statements,L4,4,mean_diff,0.7303
matched_honest_lying,false_statements,L4,4,logistic,0.9255
matched_honest_lying,matched_honest_dishonest,L4,4,repe_pca,0.6785
matched_honest_lying,matched_honest_dishonest,L4,4,mean_diff,0.6779
matched_honest_lying,matched_honest_dishonest,L4,4,logistic,0.8749
matched_honest_lying,matched_honest_lying,L4,4,repe_pca,0.7898
matched_honest_lying,matched_honest_lying,L4,4,mean_diff,0.7889
matched_honest_lying,matched_honest_lying,L4,4,logistic,0.9496
matched_honest_lying,matched_truthful_deceptive,L4,4,repe_pca,0.6022
matched_honest_lying,matched_truthful_deceptive,L4,4,mean_diff,0.6014
matched_honest_lying,matched_truthful_deceptive,L4,4,logistic,0.6923
matched_honest_lying,matched_truthful_lying,L4,4,repe_pca,0.6452
matched_honest_lying,matched_truthful_lying,L4,4,mean_diff,0.6444
matched_honest_lying,matched_truthful_lying,L4,4,logistic,0.7695
matched_honest_lying,original,L5,5,repe_pca,0.7804
matched_honest_lying,original,L5,5,mean_diff,0.7805
matched_honest_lying,original,L5,5,logistic,0.9378
matched_honest_lying,false_statements,L5,5,repe_pca,0.8124
matched_honest_lying,false_statements,L5,5,mean_diff,0.8116
matched_honest_lying,false_statements,L5,5,logistic,0.9332
matched_honest_lying,matched_honest_dishonest,L5,5,repe_pca,0.771
matched_honest_lying,matched_honest_dishonest,L5,5,mean_diff,0.7688
matched_honest_lying,matched_honest_dishonest,L5,5,logistic,0.9405
matched_honest_lying,matched_honest_lying,L5,5,repe_pca,0.8165
matched_honest_lying,matched_honest_lying,L5,5,mean_diff,0.819
matched_honest_lying,matched_honest_lying,L5,5,logistic,0.9679
matched_honest_lying,matched_truthful_deceptive,L5,5,repe_pca,0.5872
matched_honest_lying,matched_truthful_deceptive,L5,5,mean_diff,0.5859
matched_honest_lying,matched_truthful_deceptive,L5,5,logistic,0.6477
matched_honest_lying,matched_truthful_lying,L5,5,repe_pca,0.6757
matched_honest_lying,matched_truthful_lying,L5,5,mean_diff,0.6764
matched_honest_lying,matched_truthful_lying,L5,5,logistic,0.8314
matched_honest_lying,original,L6,6,repe_pca,0.7699
matched_honest_lying,original,L6,6,mean_diff,0.7719
matched_honest_lying,original,L6,6,logistic,0.9353
matched_honest_lying,false_statements,L6,6,repe_pca,0.8455
matched_honest_lying,false_statements,L6,6,mean_diff,0.8498
matched_honest_lying,false_statements,L6,6,logistic,0.9619
matched_honest_lying,matched_honest_dishonest,L6,6,repe_pca,0.7952
matched_honest_lying,matched_honest_dishonest,L6,6,mean_diff,0.7964
matched_honest_lying,matched_honest_dishonest,L6,6,logistic,0.9479
matched_honest_lying,matched_honest_lying,L6,6,repe_pca,0.8159
matched_honest_lying,matched_honest_lying,L6,6,mean_diff,0.8169
matched_honest_lying,matched_honest_lying,L6,6,logistic,0.9581
matched_honest_lying,matched_truthful_deceptive,L6,6,repe_pca,0.6141
matched_honest_lying,matched_truthful_deceptive,L6,6,mean_diff,0.6152
matched_honest_lying,matched_truthful_deceptive,L6,6,logistic,0.7152
matched_honest_lying,matched_truthful_lying,L6,6,repe_pca,0.7027
matched_honest_lying,matched_truthful_lying,L6,6,mean_diff,0.7016
matched_honest_lying,matched_truthful_lying,L6,6,logistic,0.8514
matched_honest_lying,original,L7,7,repe_pca,0.7909
matched_honest_lying,original,L7,7,mean_diff,0.7962
matched_honest_lying,original,L7,7,logistic,0.9521
matched_honest_lying,false_statements,L7,7,repe_pca,0.839
matched_honest_lying,false_statements,L7,7,mean_diff,0.8399
matched_honest_lying,false_statements,L7,7,logistic,0.9485
matched_honest_lying,matched_honest_dishonest,L7,7,repe_pca,0.8209
matched_honest_lying,matched_honest_dishonest,L7,7,mean_diff,0.8273
matched_honest_lying,matched_honest_dishonest,L7,7,logistic,0.9589
matched_honest_lying,matched_honest_lying,L7,7,repe_pca,0.8886
matched_honest_lying,matched_honest_lying,L7,7,mean_diff,0.8948
matched_honest_lying,matched_honest_lying,L7,7,logistic,0.9862
matched_honest_lying,matched_truthful_deceptive,L7,7,repe_pca,0.6673
matched_honest_lying,matched_truthful_deceptive,L7,7,mean_diff,0.6772
matched_honest_lying,matched_truthful_deceptive,L7,7,logistic,0.8341
matched_honest_lying,matched_truthful_lying,L7,7,repe_pca,0.8128
matched_honest_lying,matched_truthful_lying,L7,7,mean_diff,0.8194
matched_honest_lying,matched_truthful_lying,L7,7,logistic,0.9553
matched_honest_lying,original,L8,8,repe_pca,0.7501
matched_honest_lying,original,L8,8,mean_diff,0.754
matched_honest_lying,original,L8,8,logistic,0.9449
matched_honest_lying,false_statements,L8,8,repe_pca,0.8002
matched_honest_lying,false_statements,L8,8,mean_diff,0.8084
matched_honest_lying,false_statements,L8,8,logistic,0.9368
matched_honest_lying,matched_honest_dishonest,L8,8,repe_pca,0.7749
matched_honest_lying,matched_honest_dishonest,L8,8,mean_diff,0.7772
matched_honest_lying,matched_honest_dishonest,L8,8,logistic,0.9517
matched_honest_lying,matched_honest_lying,L8,8,repe_pca,0.8581
matched_honest_lying,matched_honest_lying,L8,8,mean_diff,0.8622
matched_honest_lying,matched_honest_lying,L8,8,logistic,0.9877
matched_honest_lying,matched_truthful_deceptive,L8,8,repe_pca,0.6826
matched_honest_lying,matched_truthful_deceptive,L8,8,mean_diff,0.6873
matched_honest_lying,matched_truthful_deceptive,L8,8,logistic,0.8994
matched_honest_lying,matched_truthful_lying,L8,8,repe_pca,0.7873
matched_honest_lying,matched_truthful_lying,L8,8,mean_diff,0.7873
matched_honest_lying,matched_truthful_lying,L8,8,logistic,0.9588
matched_honest_lying,original,L9,9,repe_pca,0.713
matched_honest_lying,original,L9,9,mean_diff,0.7153
matched_honest_lying,original,L9,9,logistic,0.9146
matched_honest_lying,false_statements,L9,9,repe_pca,0.7782
matched_honest_lying,false_statements,L9,9,mean_diff,0.7811
matched_honest_lying,false_statements,L9,9,logistic,0.9523
matched_honest_lying,matched_honest_dishonest,L9,9,repe_pca,0.7401
matched_honest_lying,matched_honest_dishonest,L9,9,mean_diff,0.7415
matched_honest_lying,matched_honest_dishonest,L9,9,logistic,0.9338
matched_honest_lying,matched_honest_lying,L9,9,repe_pca,0.8325
matched_honest_lying,matched_honest_lying,L9,9,mean_diff,0.8343
matched_honest_lying,matched_honest_lying,L9,9,logistic,0.9751
matched_honest_lying,matched_truthful_deceptive,L9,9,repe_pca,0.7014
matched_honest_lying,matched_truthful_deceptive,L9,9,mean_diff,0.7014
matched_honest_lying,matched_truthful_deceptive,L9,9,logistic,0.8884
matched_honest_lying,matched_truthful_lying,L9,9,repe_pca,0.7681
matched_honest_lying,matched_truthful_lying,L9,9,mean_diff,0.7677
matched_honest_lying,matched_truthful_lying,L9,9,logistic,0.932
matched_honest_lying,original,L10,10,repe_pca,0.7319
matched_honest_lying,original,L10,10,mean_diff,0.736
matched_honest_lying,original,L10,10,logistic,0.8763
matched_honest_lying,false_statements,L10,10,repe_pca,0.7683
matched_honest_lying,false_statements,L10,10,mean_diff,0.7729
matched_honest_lying,false_statements,L10,10,logistic,0.8738
matched_honest_lying,matched_honest_dishonest,L10,10,repe_pca,0.759
matched_honest_lying,matched_honest_dishonest,L10,10,mean_diff,0.7628
matched_honest_lying,matched_honest_dishonest,L10,10,logistic,0.9095
matched_honest_lying,matched_honest_lying,L10,10,repe_pca,0.9136
matched_honest_lying,matched_honest_lying,L10,10,mean_diff,0.9143
matched_honest_lying,matched_honest_lying,L10,10,logistic,0.9794
matched_honest_lying,matched_truthful_deceptive,L10,10,repe_pca,0.6973
matched_honest_lying,matched_truthful_deceptive,L10,10,mean_diff,0.6999
matched_honest_lying,matched_truthful_deceptive,L10,10,logistic,0.8332
matched_honest_lying,matched_truthful_lying,L10,10,repe_pca,0.8533
matched_honest_lying,matched_truthful_lying,L10,10,mean_diff,0.8509
matched_honest_lying,matched_truthful_lying,L10,10,logistic,0.9498
matched_honest_lying,original,L11,11,repe_pca,0.799
matched_honest_lying,original,L11,11,mean_diff,0.8006
matched_honest_lying,original,L11,11,logistic,0.9253
matched_honest_lying,false_statements,L11,11,repe_pca,0.8198
matched_honest_lying,false_statements,L11,11,mean_diff,0.8254
matched_honest_lying,false_statements,L11,11,logistic,0.9105
matched_honest_lying,matched_honest_dishonest,L11,11,repe_pca,0.8021
matched_honest_lying,matched_honest_dishonest,L11,11,mean_diff,0.8056
matched_honest_lying,matched_honest_dishonest,L11,11,logistic,0.9405
matched_honest_lying,matched_honest_lying,L11,11,repe_pca,0.9619
matched_honest_lying,matched_honest_lying,L11,11,mean_diff,0.9614
matched_honest_lying,matched_honest_lying,L11,11,logistic,0.9917
matched_honest_lying,matched_truthful_deceptive,L11,11,repe_pca,0.7226
matched_honest_lying,matched_truthful_deceptive,L11,11,mean_diff,0.7293
matched_honest_lying,matched_truthful_deceptive,L11,11,logistic,0.8691
matched_honest_lying,matched_truthful_lying,L11,11,repe_pca,0.9057
matched_honest_lying,matched_truthful_lying,L11,11,mean_diff,0.9073
matched_honest_lying,matched_truthful_lying,L11,11,logistic,0.9704
matched_honest_lying,original,final,12,repe_pca,0.6928
matched_honest_lying,original,final,12,mean_diff,0.7032
matched_honest_lying,original,final,12,logistic,0.9293
matched_honest_lying,false_statements,final,12,repe_pca,0.7046
matched_honest_lying,false_statements,final,12,mean_diff,0.7149
matched_honest_lying,false_statements,final,12,logistic,0.9513
matched_honest_lying,matched_honest_dishonest,final,12,repe_pca,0.676
matched_honest_lying,matched_honest_dishonest,final,12,mean_diff,0.6877
matched_honest_lying,matched_honest_dishonest,final,12,logistic,0.9449
matched_honest_lying,matched_honest_lying,final,12,repe_pca,0.8586
matched_honest_lying,matched_honest_lying,final,12,mean_diff,0.8702
matched_honest_lying,matched_honest_lying,final,12,logistic,0.9949
matched_honest_lying,matched_truthful_deceptive,final,12,repe_pca,0.5994
matched_honest_lying,matched_truthful_deceptive,final,12,mean_diff,0.6105
matched_honest_lying,matched_truthful_deceptive,final,12,logistic,0.8762
matched_honest_lying,matched_truthful_lying,final,12,repe_pca,0.7775
matched_honest_lying,matched_truthful_lying,final,12,mean_diff,0.7883
matched_honest_lying,matched_truthful_lying,final,12,logistic,0.9744
matched_truthful_deceptive,original,L0,0,repe_pca,0.5584
matched_truthful_deceptive,original,L0,0,mean_diff,0.5
matched_truthful_deceptive,original,L0,0,logistic,0.5
matched_truthful_deceptive,false_statements,L0,0,repe_pca,0.5696
matched_truthful_deceptive,false_statements,L0,0,mean_diff,0.5
matched_truthful_deceptive,false_statements,L0,0,logistic,0.5
matched_truthful_deceptive,matched_honest_dishonest,L0,0,repe_pca,0.5
matched_truthful_deceptive,matched_honest_dishonest,L0,0,mean_diff,0.5
matched_truthful_deceptive,matched_honest_dishonest,L0,0,logistic,0.5
matched_truthful_deceptive,matched_honest_lying,L0,0,repe_pca,0.5
matched_truthful_deceptive,matched_honest_lying,L0,0,mean_diff,0.5
matched_truthful_deceptive,matched_honest_lying,L0,0,logistic,0.5
matched_truthful_deceptive,matched_truthful_deceptive,L0,0,repe_pca,0.5
matched_truthful_deceptive,matched_truthful_deceptive,L0,0,mean_diff,0.5
matched_truthful_deceptive,matched_truthful_deceptive,L0,0,logistic,0.5
matched_truthful_deceptive,matched_truthful_lying,L0,0,repe_pca,0.5
matched_truthful_deceptive,matched_truthful_lying,L0,0,mean_diff,0.5
matched_truthful_deceptive,matched_truthful_lying,L0,0,logistic,0.5
matched_truthful_deceptive,original,L1,1,repe_pca,0.5068
matched_truthful_deceptive,original,L1,1,mean_diff,0.4954
matched_truthful_deceptive,original,L1,1,logistic,0.4072
matched_truthful_deceptive,false_statements,L1,1,repe_pca,0.5028
matched_truthful_deceptive,false_statements,L1,1,mean_diff,0.4902
matched_truthful_deceptive,false_statements,L1,1,logistic,0.4174
matched_truthful_deceptive,matched_honest_dishonest,L1,1,repe_pca,0.534
matched_truthful_deceptive,matched_honest_dishonest,L1,1,mean_diff,0.5331
matched_truthful_deceptive,matched_honest_dishonest,L1,1,logistic,0.5143
matched_truthful_deceptive,matched_honest_lying,L1,1,repe_pca,0.5656
matched_truthful_deceptive,matched_honest_lying,L1,1,mean_diff,0.5656
matched_truthful_deceptive,matched_honest_lying,L1,1,logistic,0.5672
matched_truthful_deceptive,matched_truthful_deceptive,L1,1,repe_pca,0.8935
matched_truthful_deceptive,matched_truthful_deceptive,L1,1,mean_diff,0.8911
matched_truthful_deceptive,matched_truthful_deceptive,L1,1,logistic,0.9916
matched_truthful_deceptive,matched_truthful_lying,L1,1,repe_pca,0.7544
matched_truthful_deceptive,matched_truthful_lying,L1,1,mean_diff,0.754
matched_truthful_deceptive,matched_truthful_lying,L1,1,logistic,0.9147
matched_truthful_deceptive,original,L2,2,repe_pca,0.5454
matched_truthful_deceptive,original,L2,2,mean_diff,0.5419
matched_truthful_deceptive,original,L2,2,logistic,0.5833
matched_truthful_deceptive,false_statements,L2,2,repe_pca,0.5365
matched_truthful_deceptive,false_statements,L2,2,mean_diff,0.5315
matched_truthful_deceptive,false_statements,L2,2,logistic,0.5859
matched_truthful_deceptive,matched_honest_dishonest,L2,2,repe_pca,0.4716
matched_truthful_deceptive,matched_honest_dishonest,L2,2,mean_diff,0.4731
matched_truthful_deceptive,matched_honest_dishonest,L2,2,logistic,0.5277
matched_truthful_deceptive,matched_honest_lying,L2,2,repe_pca,0.5253
matched_truthful_deceptive,matched_honest_lying,L2,2,mean_diff,0.5247
matched_truthful_deceptive,matched_honest_lying,L2,2,logistic,0.5151
matched_truthful_deceptive,matched_truthful_deceptive,L2,2,repe_pca,0.7811
matched_truthful_deceptive,matched_truthful_deceptive,L2,2,mean_diff,0.7794
matched_truthful_deceptive,matched_truthful_deceptive,L2,2,logistic,0.9869
matched_truthful_deceptive,matched_truthful_lying,L2,2,repe_pca,0.6702
matched_truthful_deceptive,matched_truthful_lying,L2,2,mean_diff,0.669
matched_truthful_deceptive,matched_truthful_lying,L2,2,logistic,0.8726
matched_truthful_deceptive,original,L3,3,repe_pca,0.5522
matched_truthful_deceptive,original,L3,3,mean_diff,0.5531
matched_truthful_deceptive,original,L3,3,logistic,0.4943
matched_truthful_deceptive,false_statements,L3,3,repe_pca,0.5589
matched_truthful_deceptive,false_statements,L3,3,mean_diff,0.5612
matched_truthful_deceptive,false_statements,L3,3,logistic,0.4871
matched_truthful_deceptive,matched_honest_dishonest,L3,3,repe_pca,0.6143
matched_truthful_deceptive,matched_honest_dishonest,L3,3,mean_diff,0.6184
matched_truthful_deceptive,matched_honest_dishonest,L3,3,logistic,0.7972
matched_truthful_deceptive,matched_honest_lying,L3,3,repe_pca,0.6256
matched_truthful_deceptive,matched_honest_lying,L3,3,mean_diff,0.6257
matched_truthful_deceptive,matched_honest_lying,L3,3,logistic,0.7132
matched_truthful_deceptive,matched_truthful_deceptive,L3,3,repe_pca,0.7937
matched_truthful_deceptive,matched_truthful_deceptive,L3,3,mean_diff,0.7928
matched_truthful_deceptive,matched_truthful_deceptive,L3,3,logistic,0.9781
matched_truthful_deceptive,matched_truthful_lying,L3,3,repe_pca,0.6223
matched_truthful_deceptive,matched_truthful_lying,L3,3,mean_diff,0.6242
matched_truthful_deceptive,matched_truthful_lying,L3,3,logistic,0.8174
matched_truthful_deceptive,original,L4,4,repe_pca,0.5435
matched_truthful_deceptive,original,L4,4,mean_diff,0.5459
matched_truthful_deceptive,original,L4,4,logistic,0.5141
matched_truthful_deceptive,false_statements,L4,4,repe_pca,0.5306
matched_truthful_deceptive,false_statements,L4,4,mean_diff,0.5353
matched_truthful_deceptive,false_statements,L4,4,logistic,0.5194
matched_truthful_deceptive,matched_honest_dishonest,L4,4,repe_pca,0.624
matched_truthful_deceptive,matched_honest_dishonest,L4,4,mean_diff,0.6278
matched_truthful_deceptive,matched_honest_dishonest,L4,4,logistic,0.7891
matched_truthful_deceptive,matched_honest_lying,L4,4,repe_pca,0.5883
matched_truthful_deceptive,matched_honest_lying,L4,4,mean_diff,0.591
matched_truthful_deceptive,matched_honest_lying,L4,4,logistic,0.6717
matched_truthful_deceptive,matched_truthful_deceptive,L4,4,repe_pca,0.7859
matched_truthful_deceptive,matched_truthful_deceptive,L4,4,mean_diff,0.7885
matched_truthful_deceptive,matched_truthful_deceptive,L4,4,logistic,0.958
matched_truthful_deceptive,matched_truthful_lying,L4,4,repe_pca,0.5864
matched_truthful_deceptive,matched_truthful_lying,L4,4,mean_diff,0.587
matched_truthful_deceptive,matched_truthful_lying,L4,4,logistic,0.7519
matched_truthful_deceptive,original,L5,5,repe_pca,0.6065
matched_truthful_deceptive,original,L5,5,mean_diff,0.6104
matched_truthful_deceptive,original,L5,5,logistic,0.6995
matched_truthful_deceptive,false_statements,L5,5,repe_pca,0.5989
matched_truthful_deceptive,false_statements,L5,5,mean_diff,0.6001
matched_truthful_deceptive,false_statements,L5,5,logistic,0.6976
matched_truthful_deceptive,matched_honest_dishonest,L5,5,repe_pca,0.6664
matched_truthful_deceptive,matched_honest_dishonest,L5,5,mean_diff,0.6722
matched_truthful_deceptive,matched_honest_dishonest,L5,5,logistic,0.8442
matched_truthful_deceptive,matched_honest_lying,L5,5,repe_pca,0.5773
matched_truthful_deceptive,matched_honest_lying,L5,5,mean_diff,0.5774
matched_truthful_deceptive,matched_honest_lying,L5,5,logistic,0.6422
matched_truthful_deceptive,matched_truthful_deceptive,L5,5,repe_pca,0.8153
matched_truthful_deceptive,matched_truthful_deceptive,L5,5,mean_diff,0.818
matched_truthful_deceptive,matched_truthful_deceptive,L5,5,logistic,0.9674
matched_truthful_deceptive,matched_truthful_lying,L5,5,repe_pca,0.5815
matched_truthful_deceptive,matched_truthful_lying,L5,5,mean_diff,0.582
matched_truthful_deceptive,matched_truthful_lying,L5,5,logistic,0.6823
matched_truthful_deceptive,original,L6,6,repe_pca,0.6612
matched_truthful_deceptive,original,L6,6,mean_diff,0.6646
matched_truthful_deceptive,original,L6,6,logistic,0.7652
matched_truthful_deceptive,false_statements,L6,6,repe_pca,0.6487
matched_truthful_deceptive,false_statements,L6,6,mean_diff,0.6517
matched_truthful_deceptive,false_statements,L6,6,logistic,0.7637
matched_truthful_deceptive,matched_honest_dishonest,L6,6,repe_pca,0.762
matched_truthful_deceptive,matched_honest_dishonest,L6,6,mean_diff,0.7651
matched_truthful_deceptive,matched_honest_dishonest,L6,6,logistic,0.9184
matched_truthful_deceptive,matched_honest_lying,L6,6,repe_pca,0.6257
matched_truthful_deceptive,matched_honest_lying,L6,6,mean_diff,0.627
matched_truthful_deceptive,matched_honest_lying,L6,6,logistic,0.722
matched_truthful_deceptive,matched_truthful_deceptive,L6,6,repe_pca,0.8841
matched_truthful_deceptive,matched_truthful_deceptive,L6,6,mean_diff,0.886
matched_truthful_deceptive,matched_truthful_deceptive,L6,6,logistic,0.9864
matched_truthful_deceptive,matched_truthful_lying,L6,6,repe_pca,0.6401
matched_truthful_deceptive,matched_truthful_lying,L6,6,mean_diff,0.6404
matched_truthful_deceptive,matched_truthful_lying,L6,6,logistic,0.7635
matched_truthful_deceptive,original,L7,7,repe_pca,0.6081
matched_truthful_deceptive,original,L7,7,mean_diff,0.61
matched_truthful_deceptive,original,L7,7,logistic,0.7643
matched_truthful_deceptive,false_statements,L7,7,repe_pca,0.5973
matched_truthful_deceptive,false_statements,L7,7,mean_diff,0.5994
matched_truthful_deceptive,false_statements,L7,7,logistic,0.7913
matched_truthful_deceptive,matched_honest_dishonest,L7,7,repe_pca,0.6988
matched_truthful_deceptive,matched_honest_dishonest,L7,7,mean_diff,0.6998
matched_truthful_deceptive,matched_honest_dishonest,L7,7,logistic,0.9044
matched_truthful_deceptive,matched_honest_lying,L7,7,repe_pca,0.62
matched_truthful_deceptive,matched_honest_lying,L7,7,mean_diff,0.6228
matched_truthful_deceptive,matched_honest_lying,L7,7,logistic,0.8189
matched_truthful_deceptive,matched_truthful_deceptive,L7,7,repe_pca,0.8385
matched_truthful_deceptive,matched_truthful_deceptive,L7,7,mean_diff,0.8428
matched_truthful_deceptive,matched_truthful_deceptive,L7,7,logistic,0.9799
matched_truthful_deceptive,matched_truthful_lying,L7,7,repe_pca,0.673
matched_truthful_deceptive,matched_truthful_lying,L7,7,mean_diff,0.6752
matched_truthful_deceptive,matched_truthful_lying,L7,7,logistic,0.833
matched_truthful_deceptive,original,L8,8,repe_pca,0.6348
matched_truthful_deceptive,original,L8,8,mean_diff,0.633
matched_truthful_deceptive,original,L8,8,logistic,0.8038
matched_truthful_deceptive,false_statements,L8,8,repe_pca,0.6191
matched_truthful_deceptive,false_statements,L8,8,mean_diff,0.6219
matched_truthful_deceptive,false_statements,L8,8,logistic,0.8183
matched_truthful_deceptive,matched_honest_dishonest,L8,8,repe_pca,0.7293
matched_truthful_deceptive,matched_honest_dishonest,L8,8,mean_diff,0.7291
matched_truthful_deceptive,matched_honest_dishonest,L8,8,logistic,0.9042
matched_truthful_deceptive,matched_honest_lying,L8,8,repe_pca,0.7068
matched_truthful_deceptive,matched_honest_lying,L8,8,mean_diff,0.7088
matched_truthful_deceptive,matched_honest_lying,L8,8,logistic,0.8779
matched_truthful_deceptive,matched_truthful_deceptive,L8,8,repe_pca,0.8859
matched_truthful_deceptive,matched_truthful_deceptive,L8,8,mean_diff,0.8891
matched_truthful_deceptive,matched_truthful_deceptive,L8,8,logistic,0.9843
matched_truthful_deceptive,matched_truthful_lying,L8,8,repe_pca,0.7402
matched_truthful_deceptive,matched_truthful_lying,L8,8,mean_diff,0.7432
matched_truthful_deceptive,matched_truthful_lying,L8,8,logistic,0.8832
matched_truthful_deceptive,original,L9,9,repe_pca,0.6356
matched_truthful_deceptive,original,L9,9,mean_diff,0.6359
matched_truthful_deceptive,original,L9,9,logistic,0.807
matched_truthful_deceptive,false_statements,L9,9,repe_pca,0.633
matched_truthful_deceptive,false_statements,L9,9,mean_diff,0.63
matched_truthful_deceptive,false_statements,L9,9,logistic,0.8161
matched_truthful_deceptive,matched_honest_dishonest,L9,9,repe_pca,0.7349
matched_truthful_deceptive,matched_honest_dishonest,L9,9,mean_diff,0.738
matched_truthful_deceptive,matched_honest_dishonest,L9,9,logistic,0.9235
matched_truthful_deceptive,matched_honest_lying,L9,9,repe_pca,0.7127
matched_truthful_deceptive,matched_honest_lying,L9,9,mean_diff,0.717
matched_truthful_deceptive,matched_honest_lying,L9,9,logistic,0.9012
matched_truthful_deceptive,matched_truthful_deceptive,L9,9,repe_pca,0.8586
matched_truthful_deceptive,matched_truthful_deceptive,L9,9,mean_diff,0.8626
matched_truthful_deceptive,matched_truthful_deceptive,L9,9,logistic,0.9751
matched_truthful_deceptive,matched_truthful_lying,L9,9,repe_pca,0.7416
matched_truthful_deceptive,matched_truthful_lying,L9,9,mean_diff,0.7456
matched_truthful_deceptive,matched_truthful_lying,L9,9,logistic,0.8891
matched_truthful_deceptive,original,L10,10,repe_pca,0.6351
matched_truthful_deceptive,original,L10,10,mean_diff,0.6335
matched_truthful_deceptive,original,L10,10,logistic,0.7444
matched_truthful_deceptive,false_statements,L10,10,repe_pca,0.6201
matched_truthful_deceptive,false_statements,L10,10,mean_diff,0.6226
matched_truthful_deceptive,false_statements,L10,10,logistic,0.7479
matched_truthful_deceptive,matched_honest_dishonest,L10,10,repe_pca,0.7553
matched_truthful_deceptive,matched_honest_dishonest,L10,10,mean_diff,0.757
matched_truthful_deceptive,matched_honest_dishonest,L10,10,logistic,0.8927
matched_truthful_deceptive,matched_honest_lying,L10,10,repe_pca,0.7249
matched_truthful_deceptive,matched_honest_lying,L10,10,mean_diff,0.7275
matched_truthful_deceptive,matched_honest_lying,L10,10,logistic,0.8662
matched_truthful_deceptive,matched_truthful_deceptive,L10,10,repe_pca,0.9014
matched_truthful_deceptive,matched_truthful_deceptive,L10,10,mean_diff,0.9041
matched_truthful_deceptive,matched_truthful_deceptive,L10,10,logistic,0.9704
matched_truthful_deceptive,matched_truthful_lying,L10,10,repe_pca,0.7502
matched_truthful_deceptive,matched_truthful_lying,L10,10,mean_diff,0.7506
matched_truthful_deceptive,matched_truthful_lying,L10,10,logistic,0.8681
matched_truthful_deceptive,original,L11,11,repe_pca,0.6625
matched_truthful_deceptive,original,L11,11,mean_diff,0.6623
matched_truthful_deceptive,original,L11,11,logistic,0.8409
matched_truthful_deceptive,false_statements,L11,11,repe_pca,0.6317
matched_truthful_deceptive,false_statements,L11,11,mean_diff,0.6326
matched_truthful_deceptive,false_statements,L11,11,logistic,0.7883
matched_truthful_deceptive,matched_honest_dishonest,L11,11,repe_pca,0.7898
matched_truthful_deceptive,matched_honest_dishonest,L11,11,mean_diff,0.7916
matched_truthful_deceptive,matched_honest_dishonest,L11,11,logistic,0.9578
matched_truthful_deceptive,matched_honest_lying,L11,11,repe_pca,0.7484
matched_truthful_deceptive,matched_honest_lying,L11,11,mean_diff,0.7523
matched_truthful_deceptive,matched_honest_lying,L11,11,logistic,0.9374
matched_truthful_deceptive,matched_truthful_deceptive,L11,11,repe_pca,0.931
matched_truthful_deceptive,matched_truthful_deceptive,L11,11,mean_diff,0.9325
matched_truthful_deceptive,matched_truthful_deceptive,L11,11,logistic,0.9909
matched_truthful_deceptive,matched_truthful_lying,L11,11,repe_pca,0.7616
matched_truthful_deceptive,matched_truthful_lying,L11,11,mean_diff,0.7644
matched_truthful_deceptive,matched_truthful_lying,L11,11,logistic,0.9277
matched_truthful_deceptive,original,final,12,repe_pca,0.56
matched_truthful_deceptive,original,final,12,mean_diff,0.5632
matched_truthful_deceptive,original,final,12,logistic,0.7665
matched_truthful_deceptive,false_statements,final,12,repe_pca,0.5546
matched_truthful_deceptive,false_statements,final,12,mean_diff,0.5547
matched_truthful_deceptive,false_statements,final,12,logistic,0.7289
matched_truthful_deceptive,matched_honest_dishonest,final,12,repe_pca,0.7043
matched_truthful_deceptive,matched_honest_dishonest,final,12,mean_diff,0.7072
matched_truthful_deceptive,matched_honest_dishonest,final,12,logistic,0.9481
matched_truthful_deceptive,matched_honest_lying,final,12,repe_pca,0.6223
matched_truthful_deceptive,matched_honest_lying,final,12,mean_diff,0.6269
matched_truthful_deceptive,matched_honest_lying,final,12,logistic,0.9295
matched_truthful_deceptive,matched_truthful_deceptive,final,12,repe_pca,0.8507
matched_truthful_deceptive,matched_truthful_deceptive,final,12,mean_diff,0.8557
matched_truthful_deceptive,matched_truthful_deceptive,final,12,logistic,0.9953
matched_truthful_deceptive,matched_truthful_lying,final,12,repe_pca,0.6557
matched_truthful_deceptive,matched_truthful_lying,final,12,mean_diff,0.6584
matched_truthful_deceptive,matched_truthful_lying,final,12,logistic,0.9204
matched_truthful_lying,original,L0,0,repe_pca,0.5584
matched_truthful_lying,original,L0,0,mean_diff,0.5
matched_truthful_lying,original,L0,0,logistic,0.5
matched_truthful_lying,false_statements,L0,0,repe_pca,0.5696
matched_truthful_lying,false_statements,L0,0,mean_diff,0.5
matched_truthful_lying,false_statements,L0,0,logistic,0.5
matched_truthful_lying,matched_honest_dishonest,L0,0,repe_pca,0.5
matched_truthful_lying,matched_honest_dishonest,L0,0,mean_diff,0.5
matched_truthful_lying,matched_honest_dishonest,L0,0,logistic,0.5
matched_truthful_lying,matched_honest_lying,L0,0,repe_pca,0.5
matched_truthful_lying,matched_honest_lying,L0,0,mean_diff,0.5
matched_truthful_lying,matched_honest_lying,L0,0,logistic,0.5
matched_truthful_lying,matched_truthful_deceptive,L0,0,repe_pca,0.5
matched_truthful_lying,matched_truthful_deceptive,L0,0,mean_diff,0.5
matched_truthful_lying,matched_truthful_deceptive,L0,0,logistic,0.5
matched_truthful_lying,matched_truthful_lying,L0,0,repe_pca,0.5
matched_truthful_lying,matched_truthful_lying,L0,0,mean_diff,0.5
matched_truthful_lying,matched_truthful_lying,L0,0,logistic,0.5
matched_truthful_lying,original,L1,1,repe_pca,0.5385
matched_truthful_lying,original,L1,1,mean_diff,0.5352
matched_truthful_lying,original,L1,1,logistic,0.4315
matched_truthful_lying,false_statements,L1,1,repe_pca,0.5275
matched_truthful_lying,false_statements,L1,1,mean_diff,0.5262
matched_truthful_lying,false_statements,L1,1,logistic,0.4313
matched_truthful_lying,matched_honest_dishonest,L1,1,repe_pca,0.4668
matched_truthful_lying,matched_honest_dishonest,L1,1,mean_diff,0.4669
matched_truthful_lying,matched_honest_dishonest,L1,1,logistic,0.3391
matched_truthful_lying,matched_honest_lying,L1,1,repe_pca,0.6507
matched_truthful_lying,matched_honest_lying,L1,1,mean_diff,0.6489
matched_truthful_lying,matched_honest_lying,L1,1,logistic,0.7912
matched_truthful_lying,matched_truthful_deceptive,L1,1,repe_pca,0.7467
matched_truthful_lying,matched_truthful_deceptive,L1,1,mean_diff,0.7442
matched_truthful_lying,matched_truthful_deceptive,L1,1,logistic,0.9493
matched_truthful_lying,matched_truthful_lying,L1,1,repe_pca,0.8579
matched_truthful_lying,matched_truthful_lying,L1,1,mean_diff,0.8578
matched_truthful_lying,matched_truthful_lying,L1,1,logistic,0.9823
matched_truthful_lying,original,L2,2,repe_pca,0.5672
matched_truthful_lying,original,L2,2,mean_diff,0.5652
matched_truthful_lying,original,L2,2,logistic,0.6641
matched_truthful_lying,false_statements,L2,2,repe_pca,0.5619
matched_truthful_lying,false_statements,L2,2,mean_diff,0.5608
matched_truthful_lying,false_statements,L2,2,logistic,0.7178
matched_truthful_lying,matched_honest_dishonest,L2,2,repe_pca,0.4465
matched_truthful_lying,matched_honest_dishonest,L2,2,mean_diff,0.4472
matched_truthful_lying,matched_honest_dishonest,L2,2,logistic,0.4314
matched_truthful_lying,matched_honest_lying,L2,2,repe_pca,0.6215
matched_truthful_lying,matched_honest_lying,L2,2,mean_diff,0.6199
matched_truthful_lying,matched_honest_lying,L2,2,logistic,0.748
matched_truthful_lying,matched_truthful_deceptive,L2,2,repe_pca,0.6728
matched_truthful_lying,matched_truthful_deceptive,L2,2,mean_diff,0.6726
matched_truthful_lying,matched_truthful_deceptive,L2,2,logistic,0.8649
matched_truthful_lying,matched_truthful_lying,L2,2,repe_pca,0.8047
matched_truthful_lying,matched_truthful_lying,L2,2,mean_diff,0.8046
matched_truthful_lying,matched_truthful_lying,L2,2,logistic,0.9688
matched_truthful_lying,original,L3,3,repe_pca,0.4599
matched_truthful_lying,original,L3,3,mean_diff,0.4609
matched_truthful_lying,original,L3,3,logistic,0.3735
matched_truthful_lying,false_statements,L3,3,repe_pca,0.4433
matched_truthful_lying,false_statements,L3,3,mean_diff,0.4439
matched_truthful_lying,false_statements,L3,3,logistic,0.3617
matched_truthful_lying,matched_honest_dishonest,L3,3,repe_pca,0.5702
matched_truthful_lying,matched_honest_dishonest,L3,3,mean_diff,0.572
matched_truthful_lying,matched_honest_dishonest,L3,3,logistic,0.6795
matched_truthful_lying,matched_honest_lying,L3,3,repe_pca,0.6741
matched_truthful_lying,matched_honest_lying,L3,3,mean_diff,0.6719
matched_truthful_lying,matched_honest_lying,L3,3,logistic,0.832
matched_truthful_lying,matched_truthful_deceptive,L3,3,repe_pca,0.6599
matched_truthful_lying,matched_truthful_deceptive,L3,3,mean_diff,0.659
matched_truthful_lying,matched_truthful_deceptive,L3,3,logistic,0.864
matched_truthful_lying,matched_truthful_lying,L3,3,repe_pca,0.8358
matched_truthful_lying,matched_truthful_lying,L3,3,mean_diff,0.8347
matched_truthful_lying,matched_truthful_lying,L3,3,logistic,0.9765
matched_truthful_lying,original,L4,4,repe_pca,0.5265
matched_truthful_lying,original,L4,4,mean_diff,0.5286
matched_truthful_lying,original,L4,4,logistic,0.4505
matched_truthful_lying,false_statements,L4,4,repe_pca,0.5152
matched_truthful_lying,false_statements,L4,4,mean_diff,0.518
matched_truthful_lying,false_statements,L4,4,logistic,0.4451
matched_truthful_lying,matched_honest_dishonest,L4,4,repe_pca,0.5684
matched_truthful_lying,matched_honest_dishonest,L4,4,mean_diff,0.5684
matched_truthful_lying,matched_honest_dishonest,L4,4,logistic,0.6273
matched_truthful_lying,matched_honest_lying,L4,4,repe_pca,0.7156
matched_truthful_lying,matched_honest_lying,L4,4,mean_diff,0.7154
matched_truthful_lying,matched_honest_lying,L4,4,logistic,0.7942
matched_truthful_lying,matched_truthful_deceptive,L4,4,repe_pca,0.6472
matched_truthful_lying,matched_truthful_deceptive,L4,4,mean_diff,0.65
matched_truthful_lying,matched_truthful_deceptive,L4,4,logistic,0.7979
matched_truthful_lying,matched_truthful_lying,L4,4,repe_pca,0.8567
matched_truthful_lying,matched_truthful_lying,L4,4,mean_diff,0.8568
matched_truthful_lying,matched_truthful_lying,L4,4,logistic,0.9465
matched_truthful_lying,original,L5,5,repe_pca,0.6094
matched_truthful_lying,original,L5,5,mean_diff,0.6148
matched_truthful_lying,original,L5,5,logistic,0.7204
matched_truthful_lying,false_statements,L5,5,repe_pca,0.6122
matched_truthful_lying,false_statements,L5,5,mean_diff,0.6168
matched_truthful_lying,false_statements,L5,5,logistic,0.7481
matched_truthful_lying,matched_honest_dishonest,L5,5,repe_pca,0.6733
matched_truthful_lying,matched_honest_dishonest,L5,5,mean_diff,0.6774
matched_truthful_lying,matched_honest_dishonest,L5,5,logistic,0.788
matched_truthful_lying,matched_honest_lying,L5,5,repe_pca,0.699
matched_truthful_lying,matched_honest_lying,L5,5,mean_diff,0.7043
matched_truthful_lying,matched_honest_lying,L5,5,logistic,0.8525
matched_truthful_lying,matched_truthful_deceptive,L5,5,repe_pca,0.6038
matched_truthful_lying,matched_truthful_deceptive,L5,5,mean_diff,0.6053
matched_truthful_lying,matched_truthful_deceptive,L5,5,logistic,0.7106
matched_truthful_lying,matched_truthful_lying,L5,5,repe_pca,0.7914
matched_truthful_lying,matched_truthful_lying,L5,5,mean_diff,0.7983
matched_truthful_lying,matched_truthful_lying,L5,5,logistic,0.9407
matched_truthful_lying,original,L6,6,repe_pca,0.6014
matched_truthful_lying,original,L6,6,mean_diff,0.6044
matched_truthful_lying,original,L6,6,logistic,0.802
matched_truthful_lying,false_statements,L6,6,repe_pca,0.6007
matched_truthful_lying,false_statements,L6,6,mean_diff,0.6033
matched_truthful_lying,false_statements,L6,6,logistic,0.8326
matched_truthful_lying,matched_honest_dishonest,L6,6,repe_pca,0.6795
matched_truthful_lying,matched_honest_dishonest,L6,6,mean_diff,0.6857
matched_truthful_lying,matched_honest_dishonest,L6,6,logistic,0.8821
matched_truthful_lying,matched_honest_lying,L6,6,repe_pca,0.6636
matched_truthful_lying,matched_honest_lying,L6,6,mean_diff,0.6669
matched_truthful_lying,matched_honest_lying,L6,6,logistic,0.8967
matched_truthful_lying,matched_truthful_deceptive,L6,6,repe_pca,0.6065
matched_truthful_lying,matched_truthful_deceptive,L6,6,mean_diff,0.6098
matched_truthful_lying,matched_truthful_deceptive,L6,6,logistic,0.8114
matched_truthful_lying,matched_truthful_lying,L6,6,repe_pca,0.7505
matched_truthful_lying,matched_truthful_lying,L6,6,mean_diff,0.7553
matched_truthful_lying,matched_truthful_lying,L6,6,logistic,0.956
matched_truthful_lying,original,L7,7,repe_pca,0.6288
matched_truthful_lying,original,L7,7,mean_diff,0.6326
matched_truthful_lying,original,L7,7,logistic,0.8509
matched_truthful_lying,false_statements,L7,7,repe_pca,0.6244
matched_truthful_lying,false_statements,L7,7,mean_diff,0.6263
matched_truthful_lying,false_statements,L7,7,logistic,0.8717
matched_truthful_lying,matched_honest_dishonest,L7,7,repe_pca,0.6849
matched_truthful_lying,matched_honest_dishonest,L7,7,mean_diff,0.6891
matched_truthful_lying,matched_honest_dishonest,L7,7,logistic,0.8804
matched_truthful_lying,matched_honest_lying,L7,7,repe_pca,0.7264
matched_truthful_lying,matched_honest_lying,L7,7,mean_diff,0.7335
matched_truthful_lying,matched_honest_lying,L7,7,logistic,0.9749
matched_truthful_lying,matched_truthful_deceptive,L7,7,repe_pca,0.6717
matched_truthful_lying,matched_truthful_deceptive,L7,7,mean_diff,0.6773
matched_truthful_lying,matched_truthful_deceptive,L7,7,logistic,0.879
matched_truthful_lying,matched_truthful_lying,L7,7,repe_pca,0.7796
matched_truthful_lying,matched_truthful_lying,L7,7,mean_diff,0.7884
matched_truthful_lying,matched_truthful_lying,L7,7,logistic,0.9852
matched_truthful_lying,original,L8,8,repe_pca,0.6138
matched_truthful_lying,original,L8,8,mean_diff,0.6165
matched_truthful_lying,original,L8,8,logistic,0.8347
matched_truthful_lying,false_statements,L8,8,repe_pca,0.6233
matched_truthful_lying,false_statements,L8,8,mean_diff,0.6242
matched_truthful_lying,false_statements,L8,8,logistic,0.861
matched_truthful_lying,matched_honest_dishonest,L8,8,repe_pca,0.6442
matched_truthful_lying,matched_honest_dishonest,L8,8,mean_diff,0.6472
matched_truthful_lying,matched_honest_dishonest,L8,8,logistic,0.854
matched_truthful_lying,matched_honest_lying,L8,8,repe_pca,0.703
matched_truthful_lying,matched_honest_lying,L8,8,mean_diff,0.7084
matched_truthful_lying,matched_honest_lying,L8,8,logistic,0.9647
matched_truthful_lying,matched_truthful_deceptive,L8,8,repe_pca,0.644
matched_truthful_lying,matched_truthful_deceptive,L8,8,mean_diff,0.6512
matched_truthful_lying,matched_truthful_deceptive,L8,8,logistic,0.9117
matched_truthful_lying,matched_truthful_lying,L8,8,repe_pca,0.7369
matched_truthful_lying,matched_truthful_lying,L8,8,mean_diff,0.7437
matched_truthful_lying,matched_truthful_lying,L8,8,logistic,0.9811
matched_truthful_lying,original,L9,9,repe_pca,0.6132
matched_truthful_lying,original,L9,9,mean_diff,0.6165
matched_truthful_lying,original,L9,9,logistic,0.8246
matched_truthful_lying,false_statements,L9,9,repe_pca,0.641
matched_truthful_lying,false_statements,L9,9,mean_diff,0.6407
matched_truthful_lying,false_statements,L9,9,logistic,0.864
matched_truthful_lying,matched_honest_dishonest,L9,9,repe_pca,0.6516
matched_truthful_lying,matched_honest_dishonest,L9,9,mean_diff,0.6536
matched_truthful_lying,matched_honest_dishonest,L9,9,logistic,0.861
matched_truthful_lying,matched_honest_lying,L9,9,repe_pca,0.7099
matched_truthful_lying,matched_honest_lying,L9,9,mean_diff,0.7125
matched_truthful_lying,matched_honest_lying,L9,9,logistic,0.9431
matched_truthful_lying,matched_truthful_deceptive,L9,9,repe_pca,0.6746
matched_truthful_lying,matched_truthful_deceptive,L9,9,mean_diff,0.6779
matched_truthful_lying,matched_truthful_deceptive,L9,9,logistic,0.8899
matched_truthful_lying,matched_truthful_lying,L9,9,repe_pca,0.7505
matched_truthful_lying,matched_truthful_lying,L9,9,mean_diff,0.7558
matched_truthful_lying,matched_truthful_lying,L9,9,logistic,0.9556
matched_truthful_lying,original,L10,10,repe_pca,0.6248
matched_truthful_lying,original,L10,10,mean_diff,0.6256
matched_truthful_lying,original,L10,10,logistic,0.7691
matched_truthful_lying,false_statements,L10,10,repe_pca,0.6325
matched_truthful_lying,false_statements,L10,10,mean_diff,0.6336
matched_truthful_lying,false_statements,L10,10,logistic,0.7379
matched_truthful_lying,matched_honest_dishonest,L10,10,repe_pca,0.6869
matched_truthful_lying,matched_honest_dishonest,L10,10,mean_diff,0.6872
matched_truthful_lying,matched_honest_dishonest,L10,10,logistic,0.8659
matched_truthful_lying,matched_honest_lying,L10,10,repe_pca,0.8465
matched_truthful_lying,matched_honest_lying,L10,10,mean_diff,0.8409
matched_truthful_lying,matched_honest_lying,L10,10,logistic,0.9631
matched_truthful_lying,matched_truthful_deceptive,L10,10,repe_pca,0.7041
matched_truthful_lying,matched_truthful_deceptive,L10,10,mean_diff,0.7019
matched_truthful_lying,matched_truthful_deceptive,L10,10,logistic,0.8757
matched_truthful_lying,matched_truthful_lying,L10,10,repe_pca,0.8678
matched_truthful_lying,matched_truthful_lying,L10,10,mean_diff,0.8637
matched_truthful_lying,matched_truthful_lying,L10,10,logistic,0.966
matched_truthful_lying,original,L11,11,repe_pca,0.6938
matched_truthful_lying,original,L11,11,mean_diff,0.6956
matched_truthful_lying,original,L11,11,logistic,0.8185
matched_truthful_lying,false_statements,L11,11,repe_pca,0.6685
matched_truthful_lying,false_statements,L11,11,mean_diff,0.6682
matched_truthful_lying,false_statements,L11,11,logistic,0.7783
matched_truthful_lying,matched_honest_dishonest,L11,11,repe_pca,0.7556
matched_truthful_lying,matched_honest_dishonest,L11,11,mean_diff,0.7542
matched_truthful_lying,matched_honest_dishonest,L11,11,logistic,0.8937
matched_truthful_lying,matched_honest_lying,L11,11,repe_pca,0.9083
matched_truthful_lying,matched_honest_lying,L11,11,mean_diff,0.9062
matched_truthful_lying,matched_honest_lying,L11,11,logistic,0.9806
matched_truthful_lying,matched_truthful_deceptive,L11,11,repe_pca,0.7494
matched_truthful_lying,matched_truthful_deceptive,L11,11,mean_diff,0.7484
matched_truthful_lying,matched_truthful_deceptive,L11,11,logistic,0.8968
matched_truthful_lying,matched_truthful_lying,L11,11,repe_pca,0.9201
matched_truthful_lying,matched_truthful_lying,L11,11,mean_diff,0.9175
matched_truthful_lying,matched_truthful_lying,L11,11,logistic,0.9799
matched_truthful_lying,original,final,12,repe_pca,0.6512
matched_truthful_lying,original,final,12,mean_diff,0.6601
matched_truthful_lying,original,final,12,logistic,0.8242
matched_truthful_lying,false_statements,final,12,repe_pca,0.6628
matched_truthful_lying,false_statements,final,12,mean_diff,0.6711
matched_truthful_lying,false_statements,final,12,logistic,0.8157
matched_truthful_lying,matched_honest_dishonest,final,12,repe_pca,0.7225
matched_truthful_lying,matched_honest_dishonest,final,12,mean_diff,0.7309
matched_truthful_lying,matched_honest_dishonest,final,12,logistic,0.8972
matched_truthful_lying,matched_honest_lying,final,12,repe_pca,0.8841
matched_truthful_lying,matched_honest_lying,final,12,mean_diff,0.8912
matched_truthful_lying,matched_honest_lying,final,12,logistic,0.9859
matched_truthful_lying,matched_truthful_deceptive,final,12,repe_pca,0.689
matched_truthful_lying,matched_truthful_deceptive,final,12,mean_diff,0.6957
matched_truthful_lying,matched_truthful_deceptive,final,12,logistic,0.8954
matched_truthful_lying,matched_truthful_lying,final,12,repe_pca,0.8996
matched_truthful_lying,matched_truthful_lying,final,12,mean_diff,0.9028
matched_truthful_lying,matched_truthful_lying,final,12,logistic,0.9878
