prompt_set,position,position_index,random_auroc_low,random_auroc_high
original,L0,0,0.4722,0.7246
original,L1,1,0.505,0.6979
original,L2,2,0.5022,0.6793
original,L3,3,0.5036,0.6904
original,L4,4,0.4976,0.6367
original,L5,5,0.4992,0.6108
original,L6,6,0.4995,0.5957
original,L7,7,0.4981,0.5922
original,L8,8,0.4956,0.6003
original,L9,9,0.4975,0.5967
original,L10,10,0.4997,0.6109
original,L11,11,0.4953,0.6169
original,final,12,0.4966,0.6303
false_statements,L0,0,0.5022,0.7294
false_statements,L1,1,0.5074,0.7134
false_statements,L2,2,0.5031,0.6859
false_statements,L3,3,0.5015,0.6893
false_statements,L4,4,0.5022,0.6381
false_statements,L5,5,0.5006,0.6094
false_statements,L6,6,0.5001,0.5952
false_statements,L7,7,0.4994,0.6001
false_statements,L8,8,0.4974,0.6016
false_statements,L9,9,0.4955,0.5958
false_statements,L10,10,0.496,0.6077
false_statements,L11,11,0.4977,0.611
false_statements,final,12,0.4995,0.6306
matched_honest_dishonest,L0,0,0.5,0.5
matched_honest_dishonest,L1,1,0.5005,0.6069
matched_honest_dishonest,L2,2,0.5002,0.5871
matched_honest_dishonest,L3,3,0.5008,0.647
matched_honest_dishonest,L4,4,0.4986,0.6245
matched_honest_dishonest,L5,5,0.5004,0.6064
matched_honest_dishonest,L6,6,0.5018,0.6042
matched_honest_dishonest,L7,7,0.4946,0.6032
matched_honest_dishonest,L8,8,0.496,0.5982
matched_honest_dishonest,L9,9,0.4963,0.6069
matched_honest_dishonest,L10,10,0.497,0.6106
matched_honest_dishonest,L11,11,0.4991,0.6073
matched_honest_dishonest,final,12,0.4973,0.6027
matched_honest_lying,L0,0,0.5,0.5
matched_honest_lying,L1,1,0.5006,0.568
matched_honest_lying,L2,2,0.5013,0.574
matched_honest_lying,L3,3,0.4992,0.605
matched_honest_lying,L4,4,0.5002,0.5814
matched_honest_lying,L5,5,0.4996,0.5766
matched_honest_lying,L6,6,0.5002,0.5693
matched_honest_lying,L7,7,0.4988,0.5783
matched_honest_lying,L8,8,0.4965,0.5783
matched_honest_lying,L9,9,0.4993,0.596
matched_honest_lying,L10,10,0.4978,0.6217
matched_honest_lying,L11,11,0.4985,0.6353
matched_honest_lying,final,12,0.5011,0.6385
matched_truthful_deceptive,L0,0,0.5,0.5
matched_truthful_deceptive,L1,1,0.5015,0.6326
matched_truthful_deceptive,L2,2,0.501,0.5928
matched_truthful_deceptive,L3,3,0.5033,0.6142
matched_truthful_deceptive,L4,4,0.4992,0.5841
matched_truthful_deceptive,L5,5,0.5009,0.5811
matched_truthful_deceptive,L6,6,0.5014,0.5773
matched_truthful_deceptive,L7,7,0.5006,0.5983
matched_truthful_deceptive,L8,8,0.4986,0.595
matched_truthful_deceptive,L9,9,0.4978,0.5972
matched_truthful_deceptive,L10,10,0.4994,0.6093
matched_truthful_deceptive,L11,11,0.5012,0.6121
matched_truthful_deceptive,final,12,0.5001,0.6149
matched_truthful_lying,L0,0,0.5,0.5
matched_truthful_lying,L1,1,0.5017,0.6163
matched_truthful_lying,L2,2,0.5001,0.5909
matched_truthful_lying,L3,3,0.5006,0.5921
matched_truthful_lying,L4,4,0.5006,0.5755
matched_truthful_lying,L5,5,0.4986,0.5661
matched_truthful_lying,L6,6,0.5006,0.5725
matched_truthful_lying,L7,7,0.499,0.5801
matched_truthful_lying,L8,8,0.5002,0.578
matched_truthful_lying,L9,9,0.4972,0.5889
matched_truthful_lying,L10,10,0.499,0.6147
matched_truthful_lying,L11,11,0.4991,0.6278
matched_truthful_lying,final,12,0.5008,0.6284
