layer,accuracy,auroc
0,0.5044444444444445,0.49949629629629627
1,0.6622222222222223,0.718558024691358
2,0.6666666666666666,0.7307061728395061
3,0.6777777777777778,0.7654123456790123
4,0.6955555555555556,0.7726518518518518
5,0.7533333333333333,0.8179654320987655
6,0.7666666666666667,0.832888888888889
7,0.7444444444444445,0.8271802469135803
8,0.7466666666666667,0.8418172839506173
9,0.7511111111111111,0.8415802469135802
10,0.7688888888888888,0.8528395061728394
11,0.7777777777777778,0.8635259259259259
