feature_id,active_count,activation_frequency,mean_activation,frequency_bucket
9627,39,0.037284896,0.04693733,high
16103,51,0.04875717,0.013981362,high
20113,56,0.053537283,0.12251953,high
14810,63,0.060229447,0.01276341,high
22137,90,0.08604206,0.3161931,high
16635,92,0.08795411,0.037952885,high
18277,100,0.0956023,0.18395162,high
5161,155,0.14818355,0.10081305,high
13262,190,0.18164437,1.3007195,high
20973,196,0.1873805,0.15970843,high
21062,2,0.0019120459,0.0010151711,low
8067,3,0.0028680689,0.002841426,low
15015,3,0.0028680689,0.00046844422,low
18340,3,0.0028680689,0.00067249563,low
14347,4,0.0038240917,0.0016387898,low
4292,4,0.0038240917,0.0070757694,low
3582,5,0.0047801146,0.002090275,low
18337,5,0.0047801146,0.00599727,low
17037,6,0.0057361377,0.0030148826,low
2363,6,0.0057361377,0.0039390945,low
20628,7,0.0066921604,0.021823535,medium
3470,7,0.0066921604,0.009631604,medium
10107,9,0.008604206,0.0638045,medium
20216,10,0.009560229,0.0056473967,medium
23215,12,0.0114722755,0.0048958776,medium
21743,14,0.013384321,0.004069891,medium
16828,17,0.01625239,0.053532843,medium
18507,18,0.017208412,0.020526584,medium
2038,26,0.024856597,0.025321396,medium
9569,28,0.026768642,0.16452931,medium
14793,331,0.3164436,0.23129198,very_high
12375,372,0.35564053,0.31579766,very_high
16653,470,0.44933078,0.26492795,very_high
9020,793,0.7581262,0.8968868,very_high
8920,891,0.8518164,1.0290911,very_high
352,991,0.94741875,1.9376179,very_high
17446,992,0.94837475,1.7126955,very_high
19088,1003,0.95889103,0.9326465,very_high
641,1035,0.9894838,3.1119812,very_high
22855,1044,0.99808794,1.7008228,very_high
23058,1,0.00095602294,0.00032434353,very_low
2158,1,0.00095602294,5.005451e-06,very_low
20622,1,0.00095602294,0.0003731261,very_low
12517,1,0.00095602294,0.0005171695,very_low
2446,1,0.00095602294,0.0005085039,very_low
4547,1,0.00095602294,0.0014100707,very_low
12602,2,0.0019120459,0.019359166,very_low
11918,2,0.0019120459,0.002531279,very_low
14774,2,0.0019120459,0.00011035684,very_low
7200,2,0.0019120459,0.00052325247,very_low
