feature_id,train_raw_auroc,train_detection_auroc,train_polarity,decoder_norm,steering_strength,perturbation_l2,mean_probe_score_shift,abs_mean_probe_score_shift
22967,0.5009523670250686,0.5009523670250686,1,1.0000301599502563,0.9375324987009738,0.9375607746344983,0.060982733964920044,0.060982733964920044
21607,0.5203031488434499,0.5203031488434499,1,1.0000380277633667,0.9375251226509838,0.9375607746344983,-0.15148603916168213,0.15148603916168213
16463,0.5009560229445507,0.5009560229445507,1,1.0000975131988525,0.937469358998476,0.9375607746344983,-0.9719751477241516,0.9719751477241516
10648,0.49742074880542836,0.5025792511945717,-1,1.0000996589660645,-0.9374673476079165,0.9375607746344983,0.1785687357187271,0.1785687357187271
9050,0.5000219355168921,0.5000219355168921,1,1.0000205039978027,0.9375415512845907,0.9375607746344983,-0.22547878324985504,0.22547878324985504
20113,0.507863882805845,0.507863882805845,1,1.000088095664978,0.9374781868702236,0.9375607746344983,0.06201627850532532,0.06201627850532532
20628,0.49905128889441336,0.5009487111055866,-1,1.0000752210617065,-0.9374902556221308,0.9375607746344983,-0.3903380036354065,0.3903380036354065
7775,0.5009560229445507,0.5009560229445507,1,1.0000368356704712,0.9375262402268552,0.9375607746344983,0.23008829355239868,0.23008829355239868
19088,0.5216741186492109,0.5216741186492109,1,0.9999960660934448,0.9375644629254849,0.9375607746344983,0.14340108633041382,0.14340108633041382
13118,0.4961759082217973,0.5038240917782026,-1,1.0000572204589844,-0.9375071300462159,0.9375607746344983,-0.059277962893247604,0.059277962893247604
3113,0.500001827959741,0.500001827959741,1,1.000095009803772,0.9374717056317045,0.9375607746344983,-0.15554563701152802,0.15554563701152802
20536,0.5019102179293603,0.5019102179293603,1,1.0001064538955688,0.9374609782614186,0.9375607746344983,0.29802069067955017,0.29802069067955017
6883,0.5009048400718024,0.5009048400718024,1,1.0000457763671875,0.937517858472764,0.9375607746344983,-0.016474856063723564,0.016474856063723564
15616,0.5009560229445507,0.5009560229445507,1,1.0000237226486206,0.9375385337372941,0.9375607746344983,0.2518884241580963,0.2518884241580963
9011,0.499998172040259,0.500001827959741,-1,1.0000379085540771,-0.937525234408451,0.9375607746344983,0.3625697195529938,0.3625697195529938
12490,0.49904397705544934,0.5009560229445507,-1,1.0000512599945068,-0.9375127177377369,0.9375607746344983,-0.21036981046199799,0.21036981046199799
20137,0.5009231196692124,0.5009231196692124,1,1.000050663948059,0.9375132765105525,0.9375607746344983,-0.08778967708349228,0.08778967708349228
3250,0.4961759082217973,0.5038240917782026,-1,1.000081181526184,-0.9374846681983597,0.9375607746344983,0.047685232013463974,0.047685232013463974
17408,0.5115179743281334,0.5115179743281334,1,1.0000778436660767,0.9374877971474662,0.9375607746344983,-0.26170122623443604,0.26170122623443604
21086,0.49904397705544934,0.5009560229445507,-1,1.0000371932983398,-0.937525904953814,0.9375607746344983,0.9433948993682861,0.9433948993682861
3914,0.4990330092970032,0.5009669907029968,-1,1.000051498413086,-0.9375124942287972,0.9375607746344983,-0.18330202996730804,0.18330202996730804
21024,0.49904397705544934,0.5009560229445507,-1,1.0000478029251099,-0.9375159586293386,0.9375607746344983,-0.3370825946331024,0.3370825946331024
18114,0.5124282982791587,0.5124282982791587,1,1.0000396966934204,0.93752355804924,0.9375607746344983,0.41438978910446167,0.41438978910446167
2397,0.5009560229445507,0.5009560229445507,1,1.0000232458114624,0.9375389807801124,0.9375607746344983,0.08911512792110443,0.08911512792110443
3553,0.5009560229445507,0.5009560229445507,1,1.0000571012496948,0.9375072417993936,0.9375607746344983,-0.009882170706987381,0.009882170706987381
15042,0.4768232984436751,0.5231767015563249,-1,1.000074028968811,-0.9374913731148773,0.9375607746344983,-0.07247695326805115,0.07247695326805115
18105,0.499998172040259,0.500001827959741,-1,1.0001022815704346,-0.9374648892533982,0.9375607746344983,-0.11624611914157867,0.11624611914157867
4131,0.5009560229445507,0.5009560229445507,1,1.00007164478302,0.9374936081083627,0.9375607746344983,0.12886713445186615,0.12886713445186615
16263,0.5019120458891013,0.5019120458891013,1,1.0000478029251099,0.9375159586293386,0.9375607746344983,0.0833519995212555,0.0833519995212555
3470,0.5009487111055866,0.5009487111055866,1,1.0000150203704834,0.9375466923358339,0.9375607746344983,-0.20768161118030548,0.20768161118030548
5567,0.502868068833652,0.502868068833652,1,1.0000324249267578,0.9375303752807466,0.9375607746344983,0.2533223628997803,0.2533223628997803
11586,0.5028132300414215,0.5028132300414215,1,1.0000710487365723,0.9374941668583991,0.9375607746344983,-0.5199407339096069,0.5199407339096069
17481,0.5009560229445507,0.5009560229445507,1,1.0000414848327637,0.9375218816960238,0.9375607746344983,0.18641917407512665,0.18641917407512665
9361,0.4971575226027222,0.5028424773972777,-1,1.000035285949707,-0.9375276930794714,0.9375607746344983,0.18002529442310333,0.18002529442310333
11054,0.499998172040259,0.500001827959741,-1,1.0000865459442139,-0.9374796395739101,0.9375607746344983,-0.1812717765569687,0.1812717765569687
24116,0.49619601577894856,0.5038039842210514,-1,1.0000816583633423,-0.9374842212073352,0.9375607746344983,0.08912491053342819,0.08912491053342819
19757,0.500001827959741,0.500001827959741,1,1.0001062154769897,0.9374612017457955,0.9375607746344983,-0.2911701500415802,0.2911701500415802
14277,0.4921123537175217,0.5078876462824783,-1,1.0000083446502686,-0.9375529510830133,0.9375607746344983,0.1959277242422104,0.1959277242422104
12577,0.49904397705544934,0.5009560229445507,-1,1.0000656843185425,-0.9374991956386987,0.9375607746344983,0.22640134394168854,0.22640134394168854
18340,0.5009560229445507,0.5009560229445507,1,1.000054121017456,0.9375100356374944,0.9375607746344983,0.3004230856895447,0.3004230856895447
2158,0.5009560229445507,0.5009560229445507,1,1.0000556707382202,0.9375085828396038,0.9375607746344983,0.7944258451461792,0.7944258451461792
20620,0.5009560229445507,0.5009560229445507,1,1.0000829696655273,0.9374829919842158,0.9375607746344983,-0.03188886493444443,0.03188886493444443
20622,0.5009560229445507,0.5009560229445507,1,1.0000635385513306,0.9375012071659243,0.9375607746344983,0.29521000385284424,0.29521000385284424
23920,0.500001827959741,0.500001827959741,1,1.0000755786895752,0.9374899203748264,0.9375607746344983,-0.15557657182216644,0.15557657182216644
8965,0.48016298089050885,0.5198370191094912,-1,1.0000346899032593,-0.9375282518701381,0.9375607746344983,-0.3241210877895355,0.3241210877895355
12321,0.5019120458891013,0.5019120458891013,1,1.0000603199005127,0.9375042244729478,0.9375607746344983,-0.1826791763305664,0.1826791763305664
15770,0.500001827959741,0.500001827959741,1,1.0000436305999756,0.9375198700800776,0.9375607746344983,0.3034335970878601,0.3034335970878601
1711,0.5057672129829013,0.5057672129829013,1,1.000076174736023,0.9374893616298517,0.9375607746344983,-0.64870285987854,0.64870285987854
13917,0.5076774309122616,0.5076774309122616,1,1.0000427961349487,0.9375206523741421,0.9375607746344983,-0.4176759719848633,0.4176759719848633
22567,0.5019047340501372,0.5019047340501372,1,1.000071406364441,0.9374938316082974,0.9375607746344983,-0.28400203585624695,0.28400203585624695
11124,0.5144481937929799,0.5144481937929799,1,1.0000405311584473,0.9375227757503264,0.9375607746344983,-0.5329729318618774,0.5329729318618774
21862,0.48561578479795564,0.5143842152020444,-1,1.0000253915786743,-0.9375369690907875,0.9375607746344983,-0.1235227957367897,0.1235227957367897
15350,0.4961777361815383,0.5038222638184617,-1,1.0000249147415161,-0.9375374161321136,0.9375607746344983,-0.4910687208175659,0.4910687208175659
8963,0.49731107122096746,0.5026889287790326,-1,1.000074863433838,-0.937490590869675,0.9375607746344983,-0.5109915733337402,0.5109915733337402
9627,0.5029740904986308,0.5029740904986308,1,1.0000346899032593,0.9375282518701381,0.9375607746344983,-0.5163194537162781,0.5163194537162781
21952,0.49454902405229423,0.5054509759477057,-1,1.0000556707382202,-0.9375085828396038,0.9375607746344983,0.4374438524246216,0.4374438524246216
16970,0.49525278855258487,0.5047472114474152,-1,1.0000452995300293,-0.9375183054958655,0.9375607746344983,-0.19019822776317596,0.19019822776317596
9440,0.5009560229445507,0.5009560229445507,1,1.0000801086425781,0.9374856739297234,0.9375607746344983,0.00399902043864131,0.00399902043864131
13262,0.47441221954527674,0.5255877804547233,-1,1.0000593662261963,-0.9375051184935737,0.9375607746344983,0.014682894572615623,0.014682894572615623
20826,0.5027583912491911,0.5027583912491911,1,1.0000622272491455,0.9375024364368116,0.9375607746344983,0.0433378592133522,0.0433378592133522
7790,0.49920483751265854,0.5007951624873415,-1,1.0000487565994263,-0.937515064588038,0.9375607746344983,-0.12471608817577362,0.12471608817577362
6339,0.502868068833652,0.502868068833652,1,1.0000075101852417,0.9375537334322861,0.9375607746344983,-0.5496125221252441,0.5496125221252441
13011,0.5038295756574257,0.5038295756574257,1,1.0000377893447876,0.9375253461659449,0.9375607746344983,0.05462488904595375,0.05462488904595375
21743,0.5037820487041593,0.5037820487041593,1,1.0000536441802979,0.9375104826531357,0.9375607746344983,-0.7223905324935913,0.7223905324935913
16828,0.4989781705047729,0.5010218294952271,-1,1.0000778436660767,-0.9374877971474662,0.9375607746344983,-0.1904802769422531,0.1904802769422531
24139,0.5009560229445507,0.5009560229445507,1,1.0000344514846802,0.9375284753865912,0.9375607746344983,0.0475926473736763,0.0475926473736763
18796,0.5028059182024576,0.5028059182024576,1,1.0001384019851685,0.9374310323186669,0.9375607746344983,0.06430099159479141,0.06430099159479141
16500,0.4980879541108987,0.5019120458891013,-1,1.000029444694519,-0.937533169256728,0.9375607746344983,0.2996336817741394,0.2996336817741394
4877,0.49486160516800776,0.5051383948319923,-1,1.0000574588775635,-0.9375069065399405,0.9375607746344983,0.3848913311958313,0.3848913311958313
2518,0.5142306665837992,0.5142306665837992,1,1.0000375509262085,0.9375255696810126,0.9375607746344983,0.6055424213409424,0.6055424213409424
19660,0.49307386054129543,0.5069261394587046,-1,1.000087022781372,-0.9374791925876809,0.9375607746344983,0.493863046169281,0.493863046169281
15495,0.4961759082217973,0.5038240917782026,-1,1.0000896453857422,-0.9374767341710392,0.9375607746344983,0.7807958126068115,0.7807958126068115
1109,0.5009560229445507,0.5009560229445507,1,1.000105619430542,0.9374617604572039,0.9375607746344983,0.3426828384399414,0.3426828384399414
14597,0.5136384076277104,0.5136384076277104,1,1.0001140832901,0.937453826817618,0.9375607746344983,0.09683814644813538,0.09683814644813538
14793,0.4989123639540962,0.5010876360459038,-1,1.000016212463379,-0.9375455747112023,0.9375607746344983,0.21355746686458588,0.21355746686458588
11971,0.5009560229445507,0.5009560229445507,1,1.0000510215759277,0.9375129412467832,0.9375607746344983,0.11574378609657288,0.11574378609657288
18652,0.4685499526558427,0.5314500473441572,-1,1.0000510215759277,-0.9375129412467832,0.9375607746344983,0.3425799608230591,0.3425799608230591
3588,0.499998172040259,0.500001827959741,-1,1.00002920627594,-0.9375333927755259,0.9375607746344983,0.39163845777511597,0.39163845777511597
8173,0.4845537401884261,0.5154462598115739,-1,1.0000286102294922,-0.937533951572987,0.9375607746344983,0.3772260248661041,0.3772260248661041
1571,0.49614483290620015,0.5038551670937998,-1,1.0000783205032349,-0.937487350153458,0.9375607746344983,0.4495610296726227,0.4495610296726227
2038,0.5000164516376692,0.5000164516376692,1,1.0000205039978027,0.9375415512845907,0.9375607746344983,-0.34589239954948425,0.34589239954948425
17774,0.4962709621283301,0.5037290378716699,-1,1.000036358833313,-0.9375266872579497,0.9375607746344983,-0.07666345685720444,0.07666345685720444
16635,0.4929111721243451,0.5070888278756549,-1,1.000036358833313,-0.9375266872579497,0.9375607746344983,-0.9899905323982239,0.9899905323982239
7200,0.500001827959741,0.500001827959741,1,1.000022053718567,0.9375400983890232,0.9375607746344983,-0.297054260969162,0.297054260969162
23215,0.4999926881610359,0.5000073118389641,-1,1.0000572204589844,-0.9375071300462159,0.9375607746344983,-0.031744297593832016,0.031744297593832016
23638,0.489781705047728,0.510218294952272,-1,0.9999856352806091,-0.9375742426254017,0.9375607746344983,0.5453549027442932,0.5453549027442932
19001,0.4961759082217973,0.5038240917782026,-1,1.0000215768814087,-0.9375405454333336,0.9375607746344983,-0.48053157329559326,0.48053157329559326
19991,0.48962267255025976,0.5103773274497403,-1,1.0000437498092651,-0.9375197583238893,0.9375607746344983,0.31452012062072754,0.31452012062072754
11714,0.49904397705544934,0.5009560229445507,-1,1.000053882598877,-0.9375102591452618,0.9375607746344983,0.12180333584547043,0.12180333584547043
14795,0.500001827959741,0.500001827959741,1,1.0001294612884521,0.9374394125203076,0.9375607746344983,0.4156910181045532,0.4156910181045532
9818,0.50286441291417,0.50286441291417,1,1.0000156164169312,0.9375461335231849,0.9375607746344983,0.10496632754802704,0.10496632754802704
7753,0.500001827959741,0.500001827959741,1,1.0000396966934204,0.93752355804924,0.9375607746344983,0.1377243995666504,0.1377243995666504
16653,0.48365255603610585,0.5163474439638942,-1,1.0000295639038086,-0.937533057497369,0.9375607746344983,0.3385278880596161,0.3385278880596161
3048,0.502868068833652,0.502868068833652,1,1.000072956085205,0.937492378860627,0.9375607746344983,-0.32585176825523376,0.32585176825523376
22137,0.5000420430740433,0.5000420430740433,1,1.000081181526184,0.9374846681983597,0.9375607746344983,0.17582614719867706,0.17582614719867706
8642,0.49904397705544934,0.5009560229445507,-1,1.0000500679016113,-0.937513835284034,0.9375607746344983,-0.006131523288786411,0.006131523288786411
1834,0.5208442249267903,0.5208442249267903,1,1.0000557899475098,0.9375084710861065,0.9375607746344983,-0.07839354127645493,0.07839354127645493
22724,0.5019120458891013,0.5019120458891013,1,1.000070571899414,0.9374946138589078,0.9375607746344983,-0.21529513597488403,0.21529513597488403
8695,0.5019047340501372,0.5019047340501372,1,1.000057578086853,0.9375067947868427,0.9375607746344983,0.26521623134613037,0.26521623134613037
22986,0.5009450551861045,0.5009450551861045,1,1.0000436305999756,0.9375198700800776,0.9375607746344983,-0.31337863206863403,0.31337863206863403
