condition,feature_id,multiplier,steering_strength,perturbation_l2,mean_baseline_probe_score,mean_steered_probe_score,mean_probe_score_shift,median_probe_score_shift,mean_true_example_shift,mean_false_example_shift,fraction_shifted_toward_true
sae_candidate,19579,-2.0,1.875008225440979,1.8751215492689965,-0.7471031546592712,-1.0715036392211914,-0.32440048456192017,-0.3244004249572754,-0.3244006335735321,-0.3244003653526306,0.0
random_sae_feature,2446,-2.0,-1.875024317931175,1.8751215492689965,-0.7471031546592712,-0.5210320949554443,0.22607100009918213,0.22607088088989258,0.22607100009918213,0.22607097029685974,1.0
probe_direction,-1,-2.0,-1.8751215492689965,1.8751215492689965,-0.7471031546592712,-26.9475040435791,-26.200403213500977,-26.20039939880371,-26.200403213500977,-26.200401306152344,0.0
sae_candidate,19579,-1.0,0.9375041127204895,0.9375607746344983,-0.7471031546592712,-0.9093027114868164,-0.1621994823217392,-0.16219943761825562,-0.16219955682754517,-0.16219940781593323,0.0
random_sae_feature,2446,-1.0,-0.9375121589655875,0.9375607746344983,-0.7471031546592712,-0.6340680122375488,0.11303510516881943,0.11303520202636719,0.11303519457578659,0.11303503066301346,1.0
probe_direction,-1,-1.0,-0.9375607746344983,0.9375607746344983,-0.7471031546592712,-13.847304344177246,-13.100201606750488,-13.100201606750488,-13.100201606750488,-13.100201606750488,0.0
sae_candidate,19579,0.0,-0.0,0.0,-0.7471031546592712,-0.7471031546592712,0.0,0.0,0.0,0.0,0.0
random_sae_feature,2446,0.0,0.0,0.0,-0.7471031546592712,-0.7471031546592712,0.0,0.0,0.0,0.0,0.0
probe_direction,-1,0.0,0.0,0.0,-0.7471031546592712,-0.7471031546592712,0.0,0.0,0.0,0.0,0.0
sae_candidate,19579,1.0,-0.9375041127204895,0.9375607746344983,-0.7471031546592712,-0.5849037170410156,0.16219934821128845,0.1621990203857422,0.16219934821128845,0.16219934821128845,1.0
random_sae_feature,2446,1.0,0.9375121589655875,0.9375607746344983,-0.7471031546592712,-0.8601385354995728,-0.11303532868623734,-0.11303520202636719,-0.11303531378507614,-0.11303534358739853,0.0
probe_direction,-1,1.0,0.9375607746344983,0.9375607746344983,-0.7471031546592712,12.353097915649414,13.100201606750488,13.100201606750488,13.100201606750488,13.100201606750488,1.0
sae_candidate,19579,2.0,-1.875008225440979,1.8751215492689965,-0.7471031546592712,-0.42270296812057495,0.3244002163410187,0.32440000772476196,0.3244001269340515,0.3244003653526306,1.0
random_sae_feature,2446,2.0,1.875024317931175,1.8751215492689965,-0.7471031546592712,-0.9731742739677429,-0.22607111930847168,-0.22607111930847168,-0.22607102990150452,-0.22607119381427765,0.0
probe_direction,-1,2.0,1.8751215492689965,1.8751215492689965,-0.7471031546592712,25.45329475402832,26.20039939880371,26.20039939880371,26.20039939880371,26.20039939880371,1.0
