feature_id,train_raw_auroc,train_detection_auroc,polarity,train_true_mean,train_false_mean,train_mean_difference,train_true_frequency,train_false_frequency,train_frequency_difference
19579,0.30110335649967646,0.6988966435003235,-1,1.8570993,2.4928882,-0.6357889,0.9751434034416826,0.9904397705544933,-0.015296367112810683
352,0.6469844148152482,0.6469844148152482,1,2.2400165,1.6352191,0.60479736,0.9694072657743786,0.9254302103250478,0.04397705544933084
5948,0.3651313023481971,0.634868697651803,-1,0.19739057,0.53818375,-0.3407932,0.26577437858508607,0.5086042065009561,-0.24282982791587
12375,0.6070654299909698,0.6070654299909698,1,0.4191757,0.21241954,0.20675617,0.4608030592734226,0.25047801147227533,0.21032504780114725
256,0.39330016195723305,0.606699838042767,-1,5.7841105,6.2146907,-0.43058014,1.0,1.0,0.0
18816,0.606217256671139,0.606217256671139,1,7.7853904,7.0074625,0.7779279,0.9923518164435946,0.994263862332696,-0.0019120458891014325
7619,0.6055409115669637,0.6055409115669637,1,0.39349377,0.11987634,0.27361745,0.35946462715105165,0.1586998087954111,0.20076481835564056
15320,0.3947552179110807,0.6052447820889193,-1,3.4405777,3.7398417,-0.29926395,1.0,1.0,0.0
2566,0.6000204731490993,0.6000204731490993,1,1.5312449,1.1543283,0.37691653,0.8718929254302104,0.7476099426386233,0.124282982791587
22807,0.4056955569610535,0.5943044430389465,-1,0.029636875,0.15827708,-0.1286402,0.07265774378585087,0.25621414913957935,-0.18355640535372847
14160,0.5939022918959233,0.5939022918959233,1,3.8312569,3.27031,0.56094694,0.9904397705544933,0.9866156787762906,0.003824091778202643
565,0.41212814728968417,0.5878718527103158,-1,2.5692906,3.0177457,-0.4484551,0.9445506692160612,0.9617590822179732,-0.017208413001912004
2209,0.5780922680958874,0.5780922680958874,1,1.8341062,1.6173105,0.21679568,0.9847036328871893,0.9732313575525813,0.01147227533460804
4926,0.42647397533716724,0.5735260246628328,-1,0.18220179,0.33427235,-0.15207057,0.24665391969407266,0.38049713193116635,-0.1338432122370937
20973,0.5724438724961521,0.5724438724961521,1,0.2512269,0.06818994,0.18303695,0.25430210325047803,0.12045889101338432,0.13384321223709372
5825,0.4278010741091438,0.5721989258908562,-1,5.365961,5.618158,-0.2521968,1.0,1.0,0.0
23360,0.5690548351363109,0.5690548351363109,1,0.08796202,0.0074064033,0.08055561,0.16634799235181644,0.030592734225621414,0.13575525812619502
22838,0.4315922626120082,0.5684077373879918,-1,2.6891963,2.9862218,-0.29702544,0.9789674952198852,0.9961759082217974,-0.017208413001912115
641,0.5670879504549792,0.5670879504549792,1,3.28096,2.9430017,0.33795834,0.988527724665392,0.9904397705544933,-0.0019120458891013214
19411,0.43375656694536957,0.5662434330546304,-1,0.077350095,0.1666674,-0.08931731,0.16061185468451242,0.28489483747609945,-0.12428298279158703
8920,0.5629165463259838,0.5629165463259838,1,1.1212034,0.936979,0.18422443,0.8852772466539197,0.8183556405353728,0.06692160611854692
2245,0.5621597709932037,0.5621597709932037,1,1.6744435,1.4783697,0.19607377,0.9502868068833652,0.8814531548757171,0.06883365200764813
7243,0.5612914901162217,0.5612914901162217,1,0.26147658,0.020353245,0.24112333,0.1338432122370937,0.011472275334608031,0.12237093690248567
24337,0.561092242504451,0.561092242504451,1,1.0975358,0.936269,0.16126686,0.8967495219885278,0.8451242829827916,0.05162523900573612
11044,0.5600978324053392,0.5600978324053392,1,10.675271,10.456747,0.21852398,1.0,1.0,0.0
16250,0.4410958253055435,0.5589041746944565,-1,2.3233397,2.6043375,-0.28099775,0.9598470363288719,0.9560229445506692,0.003824091778202754
16914,0.5571548172223055,0.5571548172223055,1,0.39408684,0.2562105,0.13787633,0.42638623326959846,0.32695984703632885,0.0994263862332696
22855,0.5567124509649799,0.5567124509649799,1,1.7485074,1.6531378,0.09536958,0.9961759082217974,1.0,-0.003824091778202643
19267,0.5560525574984736,0.5560525574984736,1,0.55953294,0.44194523,0.117587715,0.6080305927342257,0.5277246653919694,0.08030592734225628
4980,0.4454006704956331,0.554599329504367,-1,0.16867028,0.250673,-0.082002714,0.367112810707457,0.4569789674952199,-0.08986615678776289
16898,0.550493731926048,0.550493731926048,1,10.504815,10.3072815,0.19753361,1.0,1.0,0.0
10786,0.4498791718611189,0.5501208281388811,-1,0.034553736,0.19299532,-0.15844159,0.05353728489483748,0.15105162523900573,-0.09751434034416825
14201,0.4536593926055373,0.5463406073944628,-1,0.17200609,0.2312641,-0.059258014,0.1701720841300191,0.2638623326959847,-0.09369024856596558
16140,0.5460700693527927,0.5460700693527927,1,1.6155733,1.4465212,0.16905212,0.9674952198852772,0.9311663479923518,0.03632887189292544
22166,0.4545148777643321,0.5454851222356679,-1,0.25316614,0.3038788,-0.050712675,0.37667304015296366,0.4684512428298279,-0.09177820267686426
5838,0.5453297456576817,0.5453297456576817,1,0.05704005,0.01332842,0.043711632,0.15296367112810708,0.06500956022944551,0.08795411089866156
13306,0.45528993269452234,0.5447100673054777,-1,1.1803741,1.4016883,-0.22131419,0.4837476099426386,0.5697896749521989,-0.0860420650095603
22982,0.45541057803742924,0.5445894219625708,-1,15.192296,15.694041,-0.5017452,1.0,1.0,0.0
380,0.4554782125478469,0.5445217874521531,-1,0.36396122,0.41074547,-0.046784252,0.2676864244741874,0.367112810707457,-0.0994263862332696
9117,0.45549466418551593,0.544505335814484,-1,0.646124,0.79562616,-0.14950216,0.615678776290631,0.6711281070745698,-0.05544933078393888
9020,0.5433939362919471,0.5433939362919471,1,0.9581069,0.83566666,0.12244022,0.7992351816443595,0.7170172084130019,0.0822179732313576
614,0.542128988151165,0.542128988151165,1,2.1074717,1.9656383,0.14183342,0.9579349904397706,0.9426386233269598,0.015296367112810794
17188,0.45823660379703796,0.541763396202962,-1,0.028805876,0.18971029,-0.16090441,0.055449330783938815,0.13575525812619502,-0.0803059273422562
5905,0.539767264165774,0.539767264165774,1,12.516009,12.264788,0.25122166,1.0,1.0,0.0
16905,0.46281747090802067,0.5371825290919794,-1,0.05444121,0.09238304,-0.037941832,0.11089866156787763,0.18546845124282982,-0.07456978967495219
16017,0.4628723097002511,0.5371276902997488,-1,2.6125655,2.9538867,-0.34132123,0.9636711281070746,0.9655831739961759,-0.0019120458891013214
11766,0.4644406991580417,0.5355593008419584,-1,0.7256356,0.8275009,-0.10186529,0.751434034416826,0.7858508604206501,-0.03441682600382412
2451,0.5345795144207744,0.5345795144207744,1,0.87293017,0.8060714,0.06685877,0.7151051625239006,0.6806883365200764,0.03441682600382412
7310,0.4659834971794582,0.5340165028205418,-1,0.13893302,0.20417185,-0.06523883,0.23709369024856597,0.30019120458891013,-0.06309751434034416
22154,0.5317900478559859,0.5317900478559859,1,0.04656281,0.013003707,0.033559103,0.0994263862332696,0.036328871892925434,0.06309751434034416
